Workbook

Sheet Master
I1: GT | J1: OTC | L1: GT | M1: OTC
H2: DỮ LIỆU TUYẾN | I2: Set | J2: Thực trạng | U2: F2 | V2: F4 | W2: F8
H3: Số Calls tối thiểu tháng | I3: =(I7*6)*4 -> 600 | K3: Tiêu chí | L3: Số lượng cửa hàng trên mỗi nhân viên phải đồng đều nhau: từ 210 - 270 KH
H4: Số Calls tối đa tháng | I4: =(I8*6)*4 -> 720 | L4: Số lượng cửa hàng ghé thăm mỗi ngày: từ 25-30 KH (tần suất 600-720 /tháng) => đảm bảo ghé thăm 100% số cửa hàng mỗi ngày
D5: F0 | E5: 0 | H5: Số cửa hàng tối thiểu/NVBH | I5: 210 | L5: Các khách hàng giữa các Nhân viên, các tuyến phải liên cư liên địa, không chồng lấn
H6: Số cửa hàng tối đa/NVBH | I6: 270 | L6: Doanh số các tuyến cân đối gần tương đương nhau
D7: F1 | E7: 1 | H7: Số cửa hàng tối thiểu/ngày | I7: 25
D8: F3 | E8: 3 | H8: Số cửa hàng tối đa/ngày | I8: 30
A9: =I9 -> 0 | B9: >=0 | C9: ="<"&I10 -> <500000 | D9: F2 | E9: 2 | H9: Doanh số tối thiểu theo tần suất_F2 | I9: 0 | J9: =COUNTIFS(DSKH!$BC:$BC,Master!$B9,DSKH!$BC:$BC,Master!$C9,DSKH!$F:$F,"Hoạt động") -> 466 | L9: Điều chỉnh doanh số để thay đổi tần suất khi thật sự cần thiết (số lượng KH quá nhiều/ quá ít)
A10: =I10 -> 500000 | B10: =">="&I10 -> >=500000 | C10: ="<"&I11 -> <10000000 | D10: F4 | E10: 4 | H10: Doanh số tối thiểu theo tần suất_F4 | I10: 500000 | J10: =COUNTIFS(DSKH!$BC:$BC,Master!$B10,DSKH!$BC:$BC,Master!$C10,DSKH!$F:$F,"Hoạt động") -> 203
A11: =I11 -> 10000000 | B11: =">="&I11 -> >=10000000 | C11: <10000000000 | D11: F8 | E11: 8 | H11: Doanh số tối thiểu theo tần suất_F8 | I11: 10000000 | J11: =COUNTIFS(DSKH!$BC:$BC,Master!$B11,DSKH!$BC:$BC,Master!$C11,DSKH!$F:$F,"Hoạt động") -> 10
H13: Số nhân viên đề xuất | I13: =CONCATENATE(TEXT(SUM($R$16:$R$39)/I4,"#,##0.0")," - ",TEXT(SUM($R$16:$R$39)/I3,"#,##0.0")) -> 2.5 - 3.0 | Z13: Tuần 1 | AN13: Tuần 2 | BB13: Tuần 3 | BP13: Tuần 4
H14: Trung bình mỗi nhân viên | I14: =IFERROR(AVERAGEIFS(I16:I39,I16:I39,">0"),0) -> 1.4620557e+08 | J14: =IFERROR(AVERAGEIFS(J16:J39,J16:J39,">0"),0) -> 1.9871292e+08 | K14: =IFERROR(AVERAGEIFS(K16:K39,K16:K39,">0"),0) -> 1.7245924e+08 | L14: =IFERROR(AVERAGEIFS(L16:L39,L16:L39,">0"),0) -> 190 | M14: =IFERROR(AVERAGEIFS(M16:M39,M16:M39,">0"),0) -> 149.5 | N14: =IFERROR(AVERAGEIFS(N16:N39,N16:N39,">0"),0) -> 169.75 | R14: =IFERROR(AVERAGEIFS(R16:R39,R16:R39,">0"),0) -> 456 | S14: =IFERROR(AVERAGEIFS(S16:S39,S16:S39,">0"),0) -> 13 | T14: =IFERROR(AVERAGEIFS(T16:T39,T16:T39,">0"),0) -> 26 | U14: =SUM(U16:U21) -> 466 | V14: =SUM(V16:V21) -> 226 | W14: =SUM(W16:W21) -> 0 | X14: =IFERROR(AVERAGEIFS(X16:X39,X16:X39,">0"),0) -> 122.25 | Y14: =IFERROR(AVERAGEIFS(Y16:Y39,Y16:Y39,">0"),0) -> 5.75 | Z14: Thứ 2 | AB14: Thứ 3 | AD14: Thứ 4 | AF14: Thứ 5 | AH14: Thứ 6 | AJ14: Thứ 7 | AL14: Tổng Tuần 1 | AN14: Thứ 2 | AP14: Thứ 3 | AR14: Thứ 4 | AT14: Thứ 5 | AV14: Thứ 6 | AX14: Thứ 7 | AZ14: Tổng Tuần 2 | BB14: Thứ 2 | BD14: Thứ 3 | BF14: Thứ 4 | BH14: Thứ 5 | BJ14: Thứ 6 | BL14: Thứ 7 | BN14: Tổng Tuần 3 | BP14: Thứ 2 | BR14: Thứ 3 | BT14: Thứ 4 | BV14: Thứ 5 | BX14: Thứ 6 | BZ14: Thứ 7 | CB14: Tổng Tuần 4
F15: STT | G15: Mã NVBH | H15: Tên NVBH | I15: Doanh số GT | J15: Doanh số OTC | K15: Tổng doanh số trung bình | L15: # khách hàng GT | M15: # khách hàng OTC | N15: # MCP | O15: Số Calls (Tuyến hiện tại) | P15: Call min (Tuyến hiện tại) | Q15: Call Max (Tuyến hiện tại) | R15: Số Calls (chia lại) | S15: Call min (chia lại) | T15: Call Max (chia lại) | U15: # F2 | V15: # F4 | W15: # F8 | X15: Số KH không đúng tần suất (thực trạng DMS) | Y15: Số KH không đúng tần suất (GSBH chia lại) | Z15: # KH | AA15: Doanh số | AB15: # KH | AC15: Doanh số | AD15: # KH | AE15: Doanh số | AF15: # KH | AG15: Doanh số | AH15: # KH | AI15: Doanh số | AJ15: # KH | AK15: Doanh số | AL15: # KH1 | AM15: Doanh số | AN15: # KH | AO15: Doanh số | AP15: # KH | AQ15: Doanh số | AR15: # KH | AS15: Doanh số | AT15: # KH | AU15: Doanh số | AV15: # KH | AW15: Doanh số | AX15: # KH | AY15: Doanh số | AZ15: # KH1 | BA15: Doanh số | BB15: # KH | BC15: Doanh số | BD15: # KH | BE15: Doanh số | BF15: # KH | BG15: Doanh số | BH15: # KH | BI15: Doanh số | BJ15: # KH | BK15: Doanh số | BL15: # KH | BM15: Doanh số | BN15: # KH1 | BO15: Doanh số | BP15: # KH | BQ15: Doanh số | BR15: # KH | BS15: Doanh số | BT15: # KH | BU15: Doanh số | BV15: # KH | BW15: Doanh số | BX15: # KH | BY15: Doanh số | BZ15: # KH | CA15: Doanh số | CB15: # KH1 | CC15: Doanh số
F16: =IF(G16<>"",1,"") -> 1 | G16: {=_xlfn.UNIQUE(_xlfn._xlws.FILTER('Tuyến và nhân viên'!$I:$I,('Tuyến và nhân viên'!$N:$N=1)))} -> HL00622 | H16: {=_xlfn.UNIQUE(_xlfn._xlws.FILTER('Tuyến và nhân viên'!$J:$J,('Tuyến và nhân viên'!$N:$N=1)))} -> Dương Phi Vủ | I16: =IF($G16<>"",SUMIFS('Chi tiết tuyến'!$AE:$AE,'Chi tiết tuyến'!$AD:$AD,Master!I$1,'Chi tiết tuyến'!$AA:$AA,Master!$G16),"") -> 0 | J16: =IF($G16<>"",SUMIFS('Chi tiết tuyến'!$AE:$AE,'Chi tiết tuyến'!$AD:$AD,Master!J$1,'Chi tiết tuyến'!$AA:$AA,Master!$G16),"") -> 2.8614779e+08 | K16: =IF($G16<>"",SUM(I16:J16),"") -> 2.8614779e+08 | L16: =IF($G16<>"",COUNTIFS('Chi tiết tuyến'!$AA:$AA,Master!$G16,'Chi tiết tuyến'!$AD:$AD,Master!L$1),"") -> 0 | M16: =IF($G16<>"",COUNTIFS('Chi tiết tuyến'!$AA:$AA,Master!$G16,'Chi tiết tuyến'!$AD:$AD,Master!M$1),"") -> 142 | N16: =IF($G16<>"",SUM(L16:M16),"") -> 142 | O16: =IF($G16<>"",VLOOKUP($G16,'Tuyến và nhân viên'!$I:$S,9,0),"") -> 572 | P16: =IF($G16<>"",VLOOKUP($G16,'Tuyến và nhân viên'!$I:$S,10,0),"") -> 11 | Q16: =IF($G16<>"",VLOOKUP($G16,'Tuyến và nhân viên'!$I:$S,11,0),"") -> 35 | R16: =IF($G16<>"",SUMIFS('Chi tiết tuyến'!$AJ:$AJ,'Chi tiết tuyến'!$AA:$AA,Master!$G16),"") -> 434 | S16: =IF($G16<>"",_xlfn.MINIFS(Z16:CC16,$Z$15:$CC$15,"# KH"),"") -> 8 | T16: =IF($G16<>"",_xlfn.MAXIFS(Z16:CC16,$Z$15:$CC$15,"# KH"),"") -> 27 | U16: =IF($G16<>"",COUNTIFS('Chi tiết tuyến'!$AG:$AG,U$2,'Chi tiết tuyến'!$AA:$AA,Master!$G16),"") -> 77 | V16: =IF($G16<>"",COUNTIFS('Chi tiết tuyến'!$AG:$AG,V$2,'Chi tiết tuyến'!$AA:$AA,Master!$G16),"") -> 67 | W16: =IF($G16<>"",COUNTIFS('Chi tiết tuyến'!$AG:$AG,W$2,'Chi tiết tuyến'!$AA:$AA,Master!$G16),"") -> 0 | X16: =IF($G16<>"",COUNTIFS('Chi tiết tuyến'!$AH:$AH,FALSE,'Chi tiết tuyến'!$AA:$AA,Master!$G16),"") -> 84 | Y16: =IF($G16<>"",COUNTIFS('Chi tiết tuyến'!$AI:$AI,FALSE,'Chi tiết tuyến'!$AA:$AA,Master!$G16),"") -> 7 | Z16: =IF($G16<>"",COUNTIFS('Chi tiết tuyến'!$AA:$AA,Master!$G16,'Chi tiết tuyến'!L:L,"x",'Chi tiết tuyến'!$W:$W,"x"),"") -> 10 | AA16: =IF($G16<>"",SUMIFS('Chi tiết tuyến'!$BA:$BA,'Chi tiết tuyến'!$AA:$AA,Master!$G16,'Chi tiết tuyến'!$W:$W,"x"),"") -> 1955110.6 | AB16: =IF($G16<>"",COUNTIFS('Chi tiết tuyến'!$AA:$AA,Master!$G16,'Chi tiết tuyến'!M:M,"x",'Chi tiết tuyến'!$W:$W,"x"),"") -> 19 | AC16: =IF($G16<>"",SUMIFS('Chi tiết tuyến'!$BB:$BB,'Chi tiết tuyến'!$AA:$AA,Master!$G16,'Chi tiết tuyến'!$W:$W,"x"),"") -> 4731871.7 | AD16: =IF($G16<>"",COUNTIFS('Chi tiết tuyến'!$AA:$AA,Master!$G16,'Chi tiết tuyến'!N:N,"x",'Chi tiết tuyến'!$W:$W,"x"),"") -> 23 | AE16: =IF($G16<>"",SUMIFS('Chi tiết tuyến'!$BC:$BC,'Chi tiết tuyến'!$AA:$AA,Master!$G16,'Chi tiết tuyến'!$W:$W,"x"),"") -> 6756812.5 | AF16: =IF($G16<>"",COUNTIFS('Chi tiết tuyến'!$AA:$AA,Master!$G16,'Chi tiết tuyến'!O:O,"x",'Chi tiết tuyến'!$W:$W,"x"),"") -> 18 | AG16: =IF($G16<>"",SUMIFS('Chi tiết tuyến'!$BD:$BD,'Chi tiết tuyến'!$AA:$AA,Master!$G16,'Chi tiết tuyến'!$W:$W,"x"),"") -> 11351993 | AH16: =IF($G16<>"",COUNTIFS('Chi tiết tuyến'!$AA:$AA,Master!$G16,'Chi tiết tuyến'!P:P,"x",'Chi tiết tuyến'!$W:$W,"x"),"") -> 12 | AI16: =IF($G16<>"",SUMIFS('Chi tiết tuyến'!$BE:$BE,'Chi tiết tuyến'!$AA:$AA,Master!$G16,'Chi tiết tuyến'!$W:$W,"x"),"") -> 3751098.3 | AJ16: =IF($G16<>"",COUNTIFS('Chi tiết tuyến'!$AA:$AA,Master!$G16,'Chi tiết tuyến'!Q:Q,"x",'Chi tiết tuyến'!$W:$W,"x"),"") -> 27 | AK16: =IF($G16<>"",SUMIFS('Chi tiết tuyến'!$BF:$BF,'Chi tiết tuyến'!$AA:$AA,Master!$G16,'Chi tiết tuyến'!$W:$W,"x"),"") -> 22212941 | AL16: =IF($G16<>"",SUM(Z16,AB16,AD16,AF16,AH16,AJ16),"") -> 109 | AM16: =IF($G16<>"",SUM(AA16,AC16,AE16,AG16,AI16,AK16),"") -> 50759827 | AN16: =IF($G16<>"",COUNTIFS('Chi tiết tuyến'!$AA:$AA,Master!$G16,'Chi tiết tuyến'!L:L,"x",'Chi tiết tuyến'!$X:$X,"x"),"") -> 8 | AO16: =IF($G16<>"",SUMIFS('Chi tiết tuyến'!$BA:$BA,'Chi tiết tuyến'!$AA:$AA,Master!$G16,'Chi tiết tuyến'!$X:$X,"x"),"") -> 1899230.6 | AP16: =IF($G16<>"",COUNTIFS('Chi tiết tuyến'!$AA:$AA,Master!$G16,'Chi tiết tuyến'!M:M,"x",'Chi tiết tuyến'!$X:$X,"x"),"") -> 18 | AQ16: =IF($G16<>"",SUMIFS('Chi tiết tuyến'!$BB:$BB,'Chi tiết tuyến'!$AA:$AA,Master!$G16,'Chi tiết tuyến'!$X:$X,"x"),"") -> 4662018.3 | AR16: =IF($G16<>"",COUNTIFS('Chi tiết tuyến'!$AA:$AA,Master!$G16,'Chi tiết tuyến'!N:N,"x",'Chi tiết tuyến'!$X:$X,"x"),"") -> 22 | AS16: =IF($G16<>"",SUMIFS('Chi tiết tuyến'!$BC:$BC,'Chi tiết tuyến'!$AA:$AA,Master!$G16,'Chi tiết tuyến'!$X:$X,"x"),"") -> 6596442.5 | AT16: =IF($G16<>"",COUNTIFS('Chi tiết tuyến'!$AA:$AA,Master!$G16,'Chi tiết tuyến'!O:O,"x",'Chi tiết tuyến'!$X:$X,"x"),"") -> 17 | AU16: =IF($G16<>"",SUMIFS('Chi tiết tuyến'!$BD:$BD,'Chi tiết tuyến'!$AA:$AA,Master!$G16,'Chi tiết tuyến'!$X:$X,"x"),"") -> 11486626 | AV16: =IF($G16<>"",COUNTIFS('Chi tiết tuyến'!$AA:$AA,Master!$G16,'Chi tiết tuyến'!P:P,"x",'Chi tiết tuyến'!$X:$X,"x"),"") -> 10 | AW16: =IF($G16<>"",SUMIFS('Chi tiết tuyến'!$BE:$BE,'Chi tiết tuyến'!$AA:$AA,Master!$G16,'Chi tiết tuyến'!$X:$X,"x"),"") -> 3513735 | AX16: =IF($G16<>"",COUNTIFS('Chi tiết tuyến'!$AA:$AA,Master!$G16,'Chi tiết tuyến'!Q:Q,"x",'Chi tiết tuyến'!$X:$X,"x"),"") -> 25 | AY16: =IF($G16<>"",SUMIFS('Chi tiết tuyến'!$BF:$BF,'Chi tiết tuyến'!$AA:$AA,Master!$G16,'Chi tiết tuyến'!$X:$X,"x"),"") -> 22438568 | AZ16: =IF($G16<>"",SUM(AN16,AP16,AR16,AT16,AV16,AX16),"") -> 100 | BA16: =IF($G16<>"",SUM(AO16,AQ16,AS16,AU16,AW16,AY16),"") -> 50596621 | BB16: =COUNTIFS('Chi tiết tuyến'!$AA:$AA,Master!$G16,'Chi tiết tuyến'!L:L,"x",'Chi tiết tuyến'!$Y:$Y,"x") -> 10 | BC16: =SUMIFS('Chi tiết tuyến'!$BA:$BA,'Chi tiết tuyến'!$AA:$AA,Master!$G16,'Chi tiết tuyến'!$W:$W,"x") -> 1955110.6 | BD16: =COUNTIFS('Chi tiết tuyến'!$AA:$AA,Master!$G16,'Chi tiết tuyến'!M:M,"x",'Chi tiết tuyến'!$Y:$Y,"x") -> 19 | BE16: =SUMIFS('Chi tiết tuyến'!$BB:$BB,'Chi tiết tuyến'!$AA:$AA,Master!$G16,'Chi tiết tuyến'!$W:$W,"x") -> 4731871.7 | BF16: =COUNTIFS('Chi tiết tuyến'!$AA:$AA,Master!$G16,'Chi tiết tuyến'!N:N,"x",'Chi tiết tuyến'!$Y:$Y,"x") -> 23 | BG16: =SUMIFS('Chi tiết tuyến'!$BC:$BC,'Chi tiết tuyến'!$AA:$AA,Master!$G16,'Chi tiết tuyến'!$W:$W,"x") -> 6756812.5 | BH16: =COUNTIFS('Chi tiết tuyến'!$AA:$AA,Master!$G16,'Chi tiết tuyến'!O:O,"x",'Chi tiết tuyến'!$Y:$Y,"x") -> 18 | BI16: =SUMIFS('Chi tiết tuyến'!$BD:$BD,'Chi tiết tuyến'!$AA:$AA,Master!$G16,'Chi tiết tuyến'!$W:$W,"x") -> 11351993 | BJ16: =COUNTIFS('Chi tiết tuyến'!$AA:$AA,Master!$G16,'Chi tiết tuyến'!P:P,"x",'Chi tiết tuyến'!$Y:$Y,"x") -> 12 | BK16: =SUMIFS('Chi tiết tuyến'!$BE:$BE,'Chi tiết tuyến'!$AA:$AA,Master!$G16,'Chi tiết tuyến'!$W:$W,"x") -> 3751098.3 | BL16: =COUNTIFS('Chi tiết tuyến'!$AA:$AA,Master!$G16,'Chi tiết tuyến'!Q:Q,"x",'Chi tiết tuyến'!$Y:$Y,"x") -> 27 | BM16: =SUMIFS('Chi tiết tuyến'!$BF:$BF,'Chi tiết tuyến'!$AA:$AA,Master!$G16,'Chi tiết tuyến'!$W:$W,"x") -> 22212941 | BN16: =SUM(BB16,BD16,BF16,BH16,BJ16,BL16) -> 109 | BO16: =SUM(BC16,BE16,BG16,BI16,BK16,BM16) -> 50759827 | BP16: =COUNTIFS('Chi tiết tuyến'!$AA:$AA,Master!$G16,'Chi tiết tuyến'!L:L,"x",'Chi tiết tuyến'!$Z:$Z,"x") -> 8 | BQ16: =SUMIFS('Chi tiết tuyến'!$BA:$BA,'Chi tiết tuyến'!$AA:$AA,Master!$G16,'Chi tiết tuyến'!$X:$X,"x") -> 1899230.6 | BR16: =COUNTIFS('Chi tiết tuyến'!$AA:$AA,Master!$G16,'Chi tiết tuyến'!M:M,"x",'Chi tiết tuyến'!$Z:$Z,"x") -> 18 | BS16: =SUMIFS('Chi tiết tuyến'!$BB:$BB,'Chi tiết tuyến'!$AA:$AA,Master!$G16,'Chi tiết tuyến'!$X:$X,"x") -> 4662018.3 | BT16: =COUNTIFS('Chi tiết tuyến'!$AA:$AA,Master!$G16,'Chi tiết tuyến'!N:N,"x",'Chi tiết tuyến'!$Z:$Z,"x") -> 22 | BU16: =SUMIFS('Chi tiết tuyến'!$BC:$BC,'Chi tiết tuyến'!$AA:$AA,Master!$G16,'Chi tiết tuyến'!$X:$X,"x") -> 6596442.5 | BV16: =COUNTIFS('Chi tiết tuyến'!$AA:$AA,Master!$G16,'Chi tiết tuyến'!O:O,"x",'Chi tiết tuyến'!$Z:$Z,"x") -> 17 | BW16: =SUMIFS('Chi tiết tuyến'!$BD:$BD,'Chi tiết tuyến'!$AA:$AA,Master!$G16,'Chi tiết tuyến'!$X:$X,"x") -> 11486626 | BX16: =COUNTIFS('Chi tiết tuyến'!$AA:$AA,Master!$G16,'Chi tiết tuyến'!P:P,"x",'Chi tiết tuyến'!$Z:$Z,"x") -> 10 | BY16: =SUMIFS('Chi tiết tuyến'!$BE:$BE,'Chi tiết tuyến'!$AA:$AA,Master!$G16,'Chi tiết tuyến'!$X:$X,"x") -> 3513735 | BZ16: =COUNTIFS('Chi tiết tuyến'!$AA:$AA,Master!$G16,'Chi tiết tuyến'!Q:Q,"x",'Chi tiết tuyến'!$Z:$Z,"x") -> 25 | CA16: =SUMIFS('Chi tiết tuyến'!$BF:$BF,'Chi tiết tuyến'!$AA:$AA,Master!$G16,'Chi tiết tuyến'!$X:$X,"x") -> 22438568 | CB16: =SUM(BP16,BR16,BT16,BV16,BX16,BZ16) -> 100 | CC16: =SUM(BQ16,BS16,BU16,BW16,BY16,CA16) -> 50596621
F17: =IF(AND(F16>0,G17<>""),F16+1,"") -> 2 | G17: HL00594 | H17: Quách Ngọc Duyên | I17: =IF($G17<>"",SUMIFS('Chi tiết tuyến'!$AE:$AE,'Chi tiết tuyến'!$AD:$AD,Master!I$1,'Chi tiết tuyến'!$AA:$AA,Master!$G17),"") -> 0 | J17: =IF($G17<>"",SUMIFS('Chi tiết tuyến'!$AE:$AE,'Chi tiết tuyến'!$AD:$AD,Master!J$1,'Chi tiết tuyến'!$AA:$AA,Master!$G17),"") -> 1.1127805e+08 | K17: =IF($G17<>"",SUM(I17:J17),"") -> 1.1127805e+08 | L17: =IF($G17<>"",COUNTIFS('Chi tiết tuyến'!$AA:$AA,Master!$G17,'Chi tiết tuyến'!$AD:$AD,Master!L$1),"") -> 0 | M17: =IF($G17<>"",COUNTIFS('Chi tiết tuyến'!$AA:$AA,Master!$G17,'Chi tiết tuyến'!$AD:$AD,Master!M$1),"") -> 157 | N17: =IF($G17<>"",SUM(L17:M17),"") -> 157 | O17: =IF($G17<>"",VLOOKUP($G17,'Tuyến và nhân viên'!$I:$S,9,0),"") -> 648 | P17: =IF($G17<>"",VLOOKUP($G17,'Tuyến và nhân viên'!$I:$S,10,0),"") -> 23 | Q17: =IF($G17<>"",VLOOKUP($G17,'Tuyến và nhân viên'!$I:$S,11,0),"") -> 32 | R17: =IF($G17<>"",SUMIFS('Chi tiết tuyến'!$AJ:$AJ,'Chi tiết tuyến'!$AA:$AA,Master!$G17),"") -> 444 | S17: =IF($G17<>"",_xlfn.MINIFS(Z17:CC17,$Z$15:$CC$15,"# KH"),"") -> 15 | T17: =IF($G17<>"",_xlfn.MAXIFS(Z17:CC17,$Z$15:$CC$15,"# KH"),"") -> 23 | U17: =IF($G17<>"",COUNTIFS('Chi tiết tuyến'!$AG:$AG,U$2,'Chi tiết tuyến'!$AA:$AA,Master!$G17),"") -> 92 | V17: =IF($G17<>"",COUNTIFS('Chi tiết tuyến'!$AG:$AG,V$2,'Chi tiết tuyến'!$AA:$AA,Master!$G17),"") -> 70 | W17: =IF($G17<>"",COUNTIFS('Chi tiết tuyến'!$AG:$AG,W$2,'Chi tiết tuyến'!$AA:$AA,Master!$G17),"") -> 0 | X17: =IF($G17<>"",COUNTIFS('Chi tiết tuyến'!$AH:$AH,FALSE,'Chi tiết tuyến'!$AA:$AA,Master!$G17),"") -> 97 | Y17: =IF($G17<>"",COUNTIFS('Chi tiết tuyến'!$AI:$AI,FALSE,'Chi tiết tuyến'!$AA:$AA,Master!$G17),"") -> 5 | Z17: =IF($G17<>"",COUNTIFS('Chi tiết tuyến'!$AA:$AA,Master!$G17,'Chi tiết tuyến'!L:L,"x",'Chi tiết tuyến'!$W:$W,"x"),"") -> 17 | AA17: =IF($G17<>"",SUMIFS('Chi tiết tuyến'!$BA:$BA,'Chi tiết tuyến'!$AA:$AA,Master!$G17,'Chi tiết tuyến'!$W:$W,"x"),"") -> 4444279.2 | AB17: =IF($G17<>"",COUNTIFS('Chi tiết tuyến'!$AA:$AA,Master!$G17,'Chi tiết tuyến'!M:M,"x",'Chi tiết tuyến'!$W:$W,"x"),"") -> 17 | AC17: =IF($G17<>"",SUMIFS('Chi tiết tuyến'!$BB:$BB,'Chi tiết tuyến'!$AA:$AA,Master!$G17,'Chi tiết tuyến'!$W:$W,"x"),"") -> 3520504.2 | AD17: =IF($G17<>"",COUNTIFS('Chi tiết tuyến'!$AA:$AA,Master!$G17,'Chi tiết tuyến'!N:N,"x",'Chi tiết tuyến'!$W:$W,"x"),"") -> 23 | AE17: =IF($G17<>"",SUMIFS('Chi tiết tuyến'!$BC:$BC,'Chi tiết tuyến'!$AA:$AA,Master!$G17,'Chi tiết tuyến'!$W:$W,"x"),"") -> 4863573.3 | AF17: =IF($G17<>"",COUNTIFS('Chi tiết tuyến'!$AA:$AA,Master!$G17,'Chi tiết tuyến'!O:O,"x",'Chi tiết tuyến'!$W:$W,"x"),"") -> 20 | AG17: =IF($G17<>"",SUMIFS('Chi tiết tuyến'!$BD:$BD,'Chi tiết tuyến'!$AA:$AA,Master!$G17,'Chi tiết tuyến'!$W:$W,"x"),"") -> 6112500.5 | AH17: =IF($G17<>"",COUNTIFS('Chi tiết tuyến'!$AA:$AA,Master!$G17,'Chi tiết tuyến'!P:P,"x",'Chi tiết tuyến'!$W:$W,"x"),"") -> 21 | AI17: =IF($G17<>"",SUMIFS('Chi tiết tuyến'!$BE:$BE,'Chi tiết tuyến'!$AA:$AA,Master!$G17,'Chi tiết tuyến'!$W:$W,"x"),"") -> 3287117.5 | AJ17: =IF($G17<>"",COUNTIFS('Chi tiết tuyến'!$AA:$AA,Master!$G17,'Chi tiết tuyến'!Q:Q,"x",'Chi tiết tuyến'!$W:$W,"x"),"") -> 22 | AK17: =IF($G17<>"",SUMIFS('Chi tiết tuyến'!$BF:$BF,'Chi tiết tuyến'!$AA:$AA,Master!$G17,'Chi tiết tuyến'!$W:$W,"x"),"") -> 6261552.5 | AL17: =IF($G17<>"",SUM(Z17,AB17,AD17,AF17,AH17,AJ17),"") -> 120 | AM17: =IF($G17<>"",SUM(AA17,AC17,AE17,AG17,AI17,AK17),"") -> 28489527 | AN17: =IF($G17<>"",COUNTIFS('Chi tiết tuyến'!$AA:$AA,Master!$G17,'Chi tiết tuyến'!L:L,"x",'Chi tiết tuyến'!$X:$X,"x"),"") -> 15 | AO17: =IF($G17<>"",SUMIFS('Chi tiết tuyến'!$BA:$BA,'Chi tiết tuyến'!$AA:$AA,Master!$G17,'Chi tiết tuyến'!$X:$X,"x"),"") -> 4211582.5 | AP17: =IF($G17<>"",COUNTIFS('Chi tiết tuyến'!$AA:$AA,Master!$G17,'Chi tiết tuyến'!M:M,"x",'Chi tiết tuyến'!$X:$X,"x"),"") -> 16 | AQ17: =IF($G17<>"",SUMIFS('Chi tiết tuyến'!$BB:$BB,'Chi tiết tuyến'!$AA:$AA,Master!$G17,'Chi tiết tuyến'!$X:$X,"x"),"") -> 2995584.2 | AR17: =IF($G17<>"",COUNTIFS('Chi tiết tuyến'!$AA:$AA,Master!$G17,'Chi tiết tuyến'!N:N,"x",'Chi tiết tuyến'!$X:$X,"x"),"") -> 21 | AS17: =IF($G17<>"",SUMIFS('Chi tiết tuyến'!$BC:$BC,'Chi tiết tuyến'!$AA:$AA,Master!$G17,'Chi tiết tuyến'!$X:$X,"x"),"") -> 4817206.7 | AT17: =IF($G17<>"",COUNTIFS('Chi tiết tuyến'!$AA:$AA,Master!$G17,'Chi tiết tuyến'!O:O,"x",'Chi tiết tuyến'!$X:$X,"x"),"") -> 19 | AU17: =IF($G17<>"",SUMIFS('Chi tiết tuyến'!$BD:$BD,'Chi tiết tuyến'!$AA:$AA,Master!$G17,'Chi tiết tuyến'!$X:$X,"x"),"") -> 5985857.2 | AV17: =IF($G17<>"",COUNTIFS('Chi tiết tuyến'!$AA:$AA,Master!$G17,'Chi tiết tuyến'!P:P,"x",'Chi tiết tuyến'!$X:$X,"x"),"") -> 20 | AW17: =IF($G17<>"",SUMIFS('Chi tiết tuyến'!$BE:$BE,'Chi tiết tuyến'!$AA:$AA,Master!$G17,'Chi tiết tuyến'!$X:$X,"x"),"") -> 3474424.2 | AX17: =IF($G17<>"",COUNTIFS('Chi tiết tuyến'!$AA:$AA,Master!$G17,'Chi tiết tuyến'!Q:Q,"x",'Chi tiết tuyến'!$X:$X,"x"),"") -> 21 | AY17: =IF($G17<>"",SUMIFS('Chi tiết tuyến'!$BF:$BF,'Chi tiết tuyến'!$AA:$AA,Master!$G17,'Chi tiết tuyến'!$X:$X,"x"),"") -> 5664840.8 | AZ17: =IF($G17<>"",SUM(AN17,AP17,AR17,AT17,AV17,AX17),"") -> 112 | BA17: =IF($G17<>"",SUM(AO17,AQ17,AS17,AU17,AW17,AY17),"") -> 27149496 | BB17: =COUNTIFS('Chi tiết tuyến'!$AA:$AA,Master!$G17,'Chi tiết tuyến'!L:L,"x",'Chi tiết tuyến'!$Y:$Y,"x") -> 17 | BC17: =SUMIFS('Chi tiết tuyến'!$BA:$BA,'Chi tiết tuyến'!$AA:$AA,Master!$G17,'Chi tiết tuyến'!$W:$W,"x") -> 4444279.2 | BD17: =COUNTIFS('Chi tiết tuyến'!$AA:$AA,Master!$G17,'Chi tiết tuyến'!M:M,"x",'Chi tiết tuyến'!$Y:$Y,"x") -> 17 | BE17: =SUMIFS('Chi tiết tuyến'!$BB:$BB,'Chi tiết tuyến'!$AA:$AA,Master!$G17,'Chi tiết tuyến'!$W:$W,"x") -> 3520504.2 | BF17: =COUNTIFS('Chi tiết tuyến'!$AA:$AA,Master!$G17,'Chi tiết tuyến'!N:N,"x",'Chi tiết tuyến'!$Y:$Y,"x") -> 23 | BG17: =SUMIFS('Chi tiết tuyến'!$BC:$BC,'Chi tiết tuyến'!$AA:$AA,Master!$G17,'Chi tiết tuyến'!$W:$W,"x") -> 4863573.3 | BH17: =COUNTIFS('Chi tiết tuyến'!$AA:$AA,Master!$G17,'Chi tiết tuyến'!O:O,"x",'Chi tiết tuyến'!$Y:$Y,"x") -> 20 | BI17: =SUMIFS('Chi tiết tuyến'!$BD:$BD,'Chi tiết tuyến'!$AA:$AA,Master!$G17,'Chi tiết tuyến'!$W:$W,"x") -> 6112500.5 | BJ17: =COUNTIFS('Chi tiết tuyến'!$AA:$AA,Master!$G17,'Chi tiết tuyến'!P:P,"x",'Chi tiết tuyến'!$Y:$Y,"x") -> 21 | BK17: =SUMIFS('Chi tiết tuyến'!$BE:$BE,'Chi tiết tuyến'!$AA:$AA,Master!$G17,'Chi tiết tuyến'!$W:$W,"x") -> 3287117.5 | BL17: =COUNTIFS('Chi tiết tuyến'!$AA:$AA,Master!$G17,'Chi tiết tuyến'!Q:Q,"x",'Chi tiết tuyến'!$Y:$Y,"x") -> 22 | BM17: =SUMIFS('Chi tiết tuyến'!$BF:$BF,'Chi tiết tuyến'!$AA:$AA,Master!$G17,'Chi tiết tuyến'!$W:$W,"x") -> 6261552.5 | BN17: =SUM(BB17,BD17,BF17,BH17,BJ17,BL17) -> 120 | BO17: =SUM(BC17,BE17,BG17,BI17,BK17,BM17) -> 28489527 | BP17: =COUNTIFS('Chi tiết tuyến'!$AA:$AA,Master!$G17,'Chi tiết tuyến'!L:L,"x",'Chi tiết tuyến'!$Z:$Z,"x") -> 15 | BQ17: =SUMIFS('Chi tiết tuyến'!$BA:$BA,'Chi tiết tuyến'!$AA:$AA,Master!$G17,'Chi tiết tuyến'!$X:$X,"x") -> 4211582.5 | BR17: =COUNTIFS('Chi tiết tuyến'!$AA:$AA,Master!$G17,'Chi tiết tuyến'!M:M,"x",'Chi tiết tuyến'!$Z:$Z,"x") -> 16 | BS17: =SUMIFS('Chi tiết tuyến'!$BB:$BB,'Chi tiết tuyến'!$AA:$AA,Master!$G17,'Chi tiết tuyến'!$X:$X,"x") -> 2995584.2 | BT17: =COUNTIFS('Chi tiết tuyến'!$AA:$AA,Master!$G17,'Chi tiết tuyến'!N:N,"x",'Chi tiết tuyến'!$Z:$Z,"x") -> 21 | BU17: =SUMIFS('Chi tiết tuyến'!$BC:$BC,'Chi tiết tuyến'!$AA:$AA,Master!$G17,'Chi tiết tuyến'!$X:$X,"x") -> 4817206.7 | BV17: =COUNTIFS('Chi tiết tuyến'!$AA:$AA,Master!$G17,'Chi tiết tuyến'!O:O,"x",'Chi tiết tuyến'!$Z:$Z,"x") -> 19 | BW17: =SUMIFS('Chi tiết tuyến'!$BD:$BD,'Chi tiết tuyến'!$AA:$AA,Master!$G17,'Chi tiết tuyến'!$X:$X,"x") -> 5985857.2 | BX17: =COUNTIFS('Chi tiết tuyến'!$AA:$AA,Master!$G17,'Chi tiết tuyến'!P:P,"x",'Chi tiết tuyến'!$Z:$Z,"x") -> 20 | BY17: =SUMIFS('Chi tiết tuyến'!$BE:$BE,'Chi tiết tuyến'!$AA:$AA,Master!$G17,'Chi tiết tuyến'!$X:$X,"x") -> 3474424.2 | BZ17: =COUNTIFS('Chi tiết tuyến'!$AA:$AA,Master!$G17,'Chi tiết tuyến'!Q:Q,"x",'Chi tiết tuyến'!$Z:$Z,"x") -> 21 | CA17: =SUMIFS('Chi tiết tuyến'!$BF:$BF,'Chi tiết tuyến'!$AA:$AA,Master!$G17,'Chi tiết tuyến'!$X:$X,"x") -> 5664840.8 | CB17: =SUM(BP17,BR17,BT17,BV17,BX17,BZ17) -> 112 | CC17: =SUM(BQ17,BS17,BU17,BW17,BY17,CA17) -> 27149496
F18: =IF(AND(F17>0,G18<>""),F17+1,"") -> 3 | G18: HL00530 | H18: Nguyễn Thị Thiên Trang | I18: =IF($G18<>"",SUMIFS('Chi tiết tuyến'!$AE:$AE,'Chi tiết tuyến'!$AD:$AD,Master!I$1,'Chi tiết tuyến'!$AA:$AA,Master!$G18),"") -> 2.0714163e+08 | J18: =IF($G18<>"",SUMIFS('Chi tiết tuyến'!$AE:$AE,'Chi tiết tuyến'!$AD:$AD,Master!J$1,'Chi tiết tuyến'!$AA:$AA,Master!$G18),"") -> 0 | K18: =IF($G18<>"",SUM(I18:J18),"") -> 2.0714163e+08 | L18: =IF($G18<>"",COUNTIFS('Chi tiết tuyến'!$AA:$AA,Master!$G18,'Chi tiết tuyến'!$AD:$AD,Master!L$1),"") -> 198 | M18: =IF($G18<>"",COUNTIFS('Chi tiết tuyến'!$AA:$AA,Master!$G18,'Chi tiết tuyến'!$AD:$AD,Master!M$1),"") -> 0 | N18: =IF($G18<>"",SUM(L18:M18),"") -> 198 | O18: =IF($G18<>"",VLOOKUP($G18,'Tuyến và nhân viên'!$I:$S,9,0),"") -> 792 | P18: =IF($G18<>"",VLOOKUP($G18,'Tuyến và nhân viên'!$I:$S,10,0),"") -> 26 | Q18: =IF($G18<>"",VLOOKUP($G18,'Tuyến và nhân viên'!$I:$S,11,0),"") -> 41 | R18: =IF($G18<>"",SUMIFS('Chi tiết tuyến'!$AJ:$AJ,'Chi tiết tuyến'!$AA:$AA,Master!$G18),"") -> 504 | S18: =IF($G18<>"",_xlfn.MINIFS(Z18:CC18,$Z$15:$CC$15,"# KH"),"") -> 16 | T18: =IF($G18<>"",_xlfn.MAXIFS(Z18:CC18,$Z$15:$CC$15,"# KH"),"") -> 26 | U18: =IF($G18<>"",COUNTIFS('Chi tiết tuyến'!$AG:$AG,U$2,'Chi tiết tuyến'!$AA:$AA,Master!$G18),"") -> 150 | V18: =IF($G18<>"",COUNTIFS('Chi tiết tuyến'!$AG:$AG,V$2,'Chi tiết tuyến'!$AA:$AA,Master!$G18),"") -> 48 | W18: =IF($G18<>"",COUNTIFS('Chi tiết tuyến'!$AG:$AG,W$2,'Chi tiết tuyến'!$AA:$AA,Master!$G18),"") -> 0 | X18: =IF($G18<>"",COUNTIFS('Chi tiết tuyến'!$AH:$AH,FALSE,'Chi tiết tuyến'!$AA:$AA,Master!$G18),"") -> 153 | Y18: =IF($G18<>"",COUNTIFS('Chi tiết tuyến'!$AI:$AI,FALSE,'Chi tiết tuyến'!$AA:$AA,Master!$G18),"") -> 3 | Z18: =IF($G18<>"",COUNTIFS('Chi tiết tuyến'!$AA:$AA,Master!$G18,'Chi tiết tuyến'!L:L,"x",'Chi tiết tuyến'!$W:$W,"x"),"") -> 18 | AA18: =IF($G18<>"",SUMIFS('Chi tiết tuyến'!$BA:$BA,'Chi tiết tuyến'!$AA:$AA,Master!$G18,'Chi tiết tuyến'!$W:$W,"x"),"") -> 3187875.8 | AB18: =IF($G18<>"",COUNTIFS('Chi tiết tuyến'!$AA:$AA,Master!$G18,'Chi tiết tuyến'!M:M,"x",'Chi tiết tuyến'!$W:$W,"x"),"") -> 26 | AC18: =IF($G18<>"",SUMIFS('Chi tiết tuyến'!$BB:$BB,'Chi tiết tuyến'!$AA:$AA,Master!$G18,'Chi tiết tuyến'!$W:$W,"x"),"") -> 4428877.5 | AD18: =IF($G18<>"",COUNTIFS('Chi tiết tuyến'!$AA:$AA,Master!$G18,'Chi tiết tuyến'!N:N,"x",'Chi tiết tuyến'!$W:$W,"x"),"") -> 18 | AE18: =IF($G18<>"",SUMIFS('Chi tiết tuyến'!$BC:$BC,'Chi tiết tuyến'!$AA:$AA,Master!$G18,'Chi tiết tuyến'!$W:$W,"x"),"") -> 10564315 | AF18: =IF($G18<>"",COUNTIFS('Chi tiết tuyến'!$AA:$AA,Master!$G18,'Chi tiết tuyến'!O:O,"x",'Chi tiết tuyến'!$W:$W,"x"),"") -> 23 | AG18: =IF($G18<>"",SUMIFS('Chi tiết tuyến'!$BD:$BD,'Chi tiết tuyến'!$AA:$AA,Master!$G18,'Chi tiết tuyến'!$W:$W,"x"),"") -> 3996698.3 | AH18: =IF($G18<>"",COUNTIFS('Chi tiết tuyến'!$AA:$AA,Master!$G18,'Chi tiết tuyến'!P:P,"x",'Chi tiết tuyến'!$W:$W,"x"),"") -> 20 | AI18: =IF($G18<>"",SUMIFS('Chi tiết tuyến'!$BE:$BE,'Chi tiết tuyến'!$AA:$AA,Master!$G18,'Chi tiết tuyến'!$W:$W,"x"),"") -> 2226605.8 | AJ18: =IF($G18<>"",COUNTIFS('Chi tiết tuyến'!$AA:$AA,Master!$G18,'Chi tiết tuyến'!Q:Q,"x",'Chi tiết tuyến'!$W:$W,"x"),"") -> 24 | AK18: =IF($G18<>"",SUMIFS('Chi tiết tuyến'!$BF:$BF,'Chi tiết tuyến'!$AA:$AA,Master!$G18,'Chi tiết tuyến'!$W:$W,"x"),"") -> 15542057 | AL18: =IF($G18<>"",SUM(Z18,AB18,AD18,AF18,AH18,AJ18),"") -> 129 | AM18: =IF($G18<>"",SUM(AA18,AC18,AE18,AG18,AI18,AK18),"") -> 39946429 | AN18: =IF($G18<>"",COUNTIFS('Chi tiết tuyến'!$AA:$AA,Master!$G18,'Chi tiết tuyến'!L:L,"x",'Chi tiết tuyến'!$X:$X,"x"),"") -> 16 | AO18: =IF($G18<>"",SUMIFS('Chi tiết tuyến'!$BA:$BA,'Chi tiết tuyến'!$AA:$AA,Master!$G18,'Chi tiết tuyến'!$X:$X,"x"),"") -> 3171950.8 | AP18: =IF($G18<>"",COUNTIFS('Chi tiết tuyến'!$AA:$AA,Master!$G18,'Chi tiết tuyến'!M:M,"x",'Chi tiết tuyến'!$X:$X,"x"),"") -> 24 | AQ18: =IF($G18<>"",SUMIFS('Chi tiết tuyến'!$BB:$BB,'Chi tiết tuyến'!$AA:$AA,Master!$G18,'Chi tiết tuyến'!$X:$X,"x"),"") -> 4247465.8 | AR18: =IF($G18<>"",COUNTIFS('Chi tiết tuyến'!$AA:$AA,Master!$G18,'Chi tiết tuyến'!N:N,"x",'Chi tiết tuyến'!$X:$X,"x"),"") -> 16 | AS18: =IF($G18<>"",SUMIFS('Chi tiết tuyến'!$BC:$BC,'Chi tiết tuyến'!$AA:$AA,Master!$G18,'Chi tiết tuyến'!$X:$X,"x"),"") -> 11005378 | AT18: =IF($G18<>"",COUNTIFS('Chi tiết tuyến'!$AA:$AA,Master!$G18,'Chi tiết tuyến'!O:O,"x",'Chi tiết tuyến'!$X:$X,"x"),"") -> 21 | AU18: =IF($G18<>"",SUMIFS('Chi tiết tuyến'!$BD:$BD,'Chi tiết tuyến'!$AA:$AA,Master!$G18,'Chi tiết tuyến'!$X:$X,"x"),"") -> 4115240 | AV18: =IF($G18<>"",COUNTIFS('Chi tiết tuyến'!$AA:$AA,Master!$G18,'Chi tiết tuyến'!P:P,"x",'Chi tiết tuyến'!$X:$X,"x"),"") -> 18 | AW18: =IF($G18<>"",SUMIFS('Chi tiết tuyến'!$BE:$BE,'Chi tiết tuyến'!$AA:$AA,Master!$G18,'Chi tiết tuyến'!$X:$X,"x"),"") -> 2453314.2 | AX18: =IF($G18<>"",COUNTIFS('Chi tiết tuyến'!$AA:$AA,Master!$G18,'Chi tiết tuyến'!Q:Q,"x",'Chi tiết tuyến'!$X:$X,"x"),"") -> 22 | AY18: =IF($G18<>"",SUMIFS('Chi tiết tuyến'!$BF:$BF,'Chi tiết tuyến'!$AA:$AA,Master!$G18,'Chi tiết tuyến'!$X:$X,"x"),"") -> 15512510 | AZ18: =IF($G18<>"",SUM(AN18,AP18,AR18,AT18,AV18,AX18),"") -> 117 | BA18: =IF($G18<>"",SUM(AO18,AQ18,AS18,AU18,AW18,AY18),"") -> 40505859 | BB18: =COUNTIFS('Chi tiết tuyến'!$AA:$AA,Master!$G18,'Chi tiết tuyến'!L:L,"x",'Chi tiết tuyến'!$Y:$Y,"x") -> 18 | BC18: =SUMIFS('Chi tiết tuyến'!$BA:$BA,'Chi tiết tuyến'!$AA:$AA,Master!$G18,'Chi tiết tuyến'!$W:$W,"x") -> 3187875.8 | BD18: =COUNTIFS('Chi tiết tuyến'!$AA:$AA,Master!$G18,'Chi tiết tuyến'!M:M,"x",'Chi tiết tuyến'!$Y:$Y,"x") -> 26 | BE18: =SUMIFS('Chi tiết tuyến'!$BB:$BB,'Chi tiết tuyến'!$AA:$AA,Master!$G18,'Chi tiết tuyến'!$W:$W,"x") -> 4428877.5 | BF18: =COUNTIFS('Chi tiết tuyến'!$AA:$AA,Master!$G18,'Chi tiết tuyến'!N:N,"x",'Chi tiết tuyến'!$Y:$Y,"x") -> 18 | BG18: =SUMIFS('Chi tiết tuyến'!$BC:$BC,'Chi tiết tuyến'!$AA:$AA,Master!$G18,'Chi tiết tuyến'!$W:$W,"x") -> 10564315 | BH18: =COUNTIFS('Chi tiết tuyến'!$AA:$AA,Master!$G18,'Chi tiết tuyến'!O:O,"x",'Chi tiết tuyến'!$Y:$Y,"x") -> 23 | BI18: =SUMIFS('Chi tiết tuyến'!$BD:$BD,'Chi tiết tuyến'!$AA:$AA,Master!$G18,'Chi tiết tuyến'!$W:$W,"x") -> 3996698.3 | BJ18: =COUNTIFS('Chi tiết tuyến'!$AA:$AA,Master!$G18,'Chi tiết tuyến'!P:P,"x",'Chi tiết tuyến'!$Y:$Y,"x") -> 20 | BK18: =SUMIFS('Chi tiết tuyến'!$BE:$BE,'Chi tiết tuyến'!$AA:$AA,Master!$G18,'Chi tiết tuyến'!$W:$W,"x") -> 2226605.8 | BL18: =COUNTIFS('Chi tiết tuyến'!$AA:$AA,Master!$G18,'Chi tiết tuyến'!Q:Q,"x",'Chi tiết tuyến'!$Y:$Y,"x") -> 24 | BM18: =SUMIFS('Chi tiết tuyến'!$BF:$BF,'Chi tiết tuyến'!$AA:$AA,Master!$G18,'Chi tiết tuyến'!$W:$W,"x") -> 15542057 | BN18: =SUM(BB18,BD18,BF18,BH18,BJ18,BL18) -> 129 | BO18: =SUM(BC18,BE18,BG18,BI18,BK18,BM18) -> 39946429 | BP18: =COUNTIFS('Chi tiết tuyến'!$AA:$AA,Master!$G18,'Chi tiết tuyến'!L:L,"x",'Chi tiết tuyến'!$Z:$Z,"x") -> 16 | BQ18: =SUMIFS('Chi tiết tuyến'!$BA:$BA,'Chi tiết tuyến'!$AA:$AA,Master!$G18,'Chi tiết tuyến'!$X:$X,"x") -> 3171950.8 | BR18: =COUNTIFS('Chi tiết tuyến'!$AA:$AA,Master!$G18,'Chi tiết tuyến'!M:M,"x",'Chi tiết tuyến'!$Z:$Z,"x") -> 24 | BS18: =SUMIFS('Chi tiết tuyến'!$BB:$BB,'Chi tiết tuyến'!$AA:$AA,Master!$G18,'Chi tiết tuyến'!$X:$X,"x") -> 4247465.8 | BT18: =COUNTIFS('Chi tiết tuyến'!$AA:$AA,Master!$G18,'Chi tiết tuyến'!N:N,"x",'Chi tiết tuyến'!$Z:$Z,"x") -> 16 | BU18: =SUMIFS('Chi tiết tuyến'!$BC:$BC,'Chi tiết tuyến'!$AA:$AA,Master!$G18,'Chi tiết tuyến'!$X:$X,"x") -> 11005378 | BV18: =COUNTIFS('Chi tiết tuyến'!$AA:$AA,Master!$G18,'Chi tiết tuyến'!O:O,"x",'Chi tiết tuyến'!$Z:$Z,"x") -> 21 | BW18: =SUMIFS('Chi tiết tuyến'!$BD:$BD,'Chi tiết tuyến'!$AA:$AA,Master!$G18,'Chi tiết tuyến'!$X:$X,"x") -> 4115240 | BX18: =COUNTIFS('Chi tiết tuyến'!$AA:$AA,Master!$G18,'Chi tiết tuyến'!P:P,"x",'Chi tiết tuyến'!$Z:$Z,"x") -> 18 | BY18: =SUMIFS('Chi tiết tuyến'!$BE:$BE,'Chi tiết tuyến'!$AA:$AA,Master!$G18,'Chi tiết tuyến'!$X:$X,"x") -> 2453314.2 | BZ18: =COUNTIFS('Chi tiết tuyến'!$AA:$AA,Master!$G18,'Chi tiết tuyến'!Q:Q,"x",'Chi tiết tuyến'!$Z:$Z,"x") -> 22 | CA18: =SUMIFS('Chi tiết tuyến'!$BF:$BF,'Chi tiết tuyến'!$AA:$AA,Master!$G18,'Chi tiết tuyến'!$X:$X,"x") -> 15512510 | CB18: =SUM(BP18,BR18,BT18,BV18,BX18,BZ18) -> 117 | CC18: =SUM(BQ18,BS18,BU18,BW18,BY18,CA18) -> 40505859
F19: =IF(AND(F18>0,G19<>""),F18+1,"") -> 4 | G19: HL00623 | H19: Lê Thị Liên Thư | I19: =IF($G19<>"",SUMIFS('Chi tiết tuyến'!$AE:$AE,'Chi tiết tuyến'!$AD:$AD,Master!I$1,'Chi tiết tuyến'!$AA:$AA,Master!$G19),"") -> 85269520 | J19: =IF($G19<>"",SUMIFS('Chi tiết tuyến'!$AE:$AE,'Chi tiết tuyến'!$AD:$AD,Master!J$1,'Chi tiết tuyến'!$AA:$AA,Master!$G19),"") -> 0 | K19: =IF($G19<>"",SUM(I19:J19),"") -> 85269520 | L19: =IF($G19<>"",COUNTIFS('Chi tiết tuyến'!$AA:$AA,Master!$G19,'Chi tiết tuyến'!$AD:$AD,Master!L$1),"") -> 182 | M19: =IF($G19<>"",COUNTIFS('Chi tiết tuyến'!$AA:$AA,Master!$G19,'Chi tiết tuyến'!$AD:$AD,Master!M$1),"") -> 0 | N19: =IF($G19<>"",SUM(L19:M19),"") -> 182 | O19: =IF($G19<>"",VLOOKUP($G19,'Tuyến và nhân viên'!$I:$S,9,0),"") -> 752 | P19: =IF($G19<>"",VLOOKUP($G19,'Tuyến và nhân viên'!$I:$S,10,0),"") -> 22 | Q19: =IF($G19<>"",VLOOKUP($G19,'Tuyến và nhân viên'!$I:$S,11,0),"") -> 47 | R19: =IF($G19<>"",SUMIFS('Chi tiết tuyến'!$AJ:$AJ,'Chi tiết tuyến'!$AA:$AA,Master!$G19),"") -> 442 | S19: =IF($G19<>"",_xlfn.MINIFS(Z19:CC19,$Z$15:$CC$15,"# KH"),"") -> 13 | T19: =IF($G19<>"",_xlfn.MAXIFS(Z19:CC19,$Z$15:$CC$15,"# KH"),"") -> 28 | U19: =IF($G19<>"",COUNTIFS('Chi tiết tuyến'!$AG:$AG,U$2,'Chi tiết tuyến'!$AA:$AA,Master!$G19),"") -> 147 | V19: =IF($G19<>"",COUNTIFS('Chi tiết tuyến'!$AG:$AG,V$2,'Chi tiết tuyến'!$AA:$AA,Master!$G19),"") -> 41 | W19: =IF($G19<>"",COUNTIFS('Chi tiết tuyến'!$AG:$AG,W$2,'Chi tiết tuyến'!$AA:$AA,Master!$G19),"") -> 0 | X19: =IF($G19<>"",COUNTIFS('Chi tiết tuyến'!$AH:$AH,FALSE,'Chi tiết tuyến'!$AA:$AA,Master!$G19),"") -> 155 | Y19: =IF($G19<>"",COUNTIFS('Chi tiết tuyến'!$AI:$AI,FALSE,'Chi tiết tuyến'!$AA:$AA,Master!$G19),"") -> 8 | Z19: =IF($G19<>"",COUNTIFS('Chi tiết tuyến'!$AA:$AA,Master!$G19,'Chi tiết tuyến'!L:L,"x",'Chi tiết tuyến'!$W:$W,"x"),"") -> 18 | AA19: =IF($G19<>"",SUMIFS('Chi tiết tuyến'!$BA:$BA,'Chi tiết tuyến'!$AA:$AA,Master!$G19,'Chi tiết tuyến'!$W:$W,"x"),"") -> 2735430 | AB19: =IF($G19<>"",COUNTIFS('Chi tiết tuyến'!$AA:$AA,Master!$G19,'Chi tiết tuyến'!M:M,"x",'Chi tiết tuyến'!$W:$W,"x"),"") -> 15 | AC19: =IF($G19<>"",SUMIFS('Chi tiết tuyến'!$BB:$BB,'Chi tiết tuyến'!$AA:$AA,Master!$G19,'Chi tiết tuyến'!$W:$W,"x"),"") -> 2097630.8 | AD19: =IF($G19<>"",COUNTIFS('Chi tiết tuyến'!$AA:$AA,Master!$G19,'Chi tiết tuyến'!N:N,"x",'Chi tiết tuyến'!$W:$W,"x"),"") -> 26 | AE19: =IF($G19<>"",SUMIFS('Chi tiết tuyến'!$BC:$BC,'Chi tiết tuyến'!$AA:$AA,Master!$G19,'Chi tiết tuyến'!$W:$W,"x"),"") -> 3717993.3 | AF19: =IF($G19<>"",COUNTIFS('Chi tiết tuyến'!$AA:$AA,Master!$G19,'Chi tiết tuyến'!O:O,"x",'Chi tiết tuyến'!$W:$W,"x"),"") -> 18 | AG19: =IF($G19<>"",SUMIFS('Chi tiết tuyến'!$BD:$BD,'Chi tiết tuyến'!$AA:$AA,Master!$G19,'Chi tiết tuyến'!$W:$W,"x"),"") -> 1908910 | AH19: =IF($G19<>"",COUNTIFS('Chi tiết tuyến'!$AA:$AA,Master!$G19,'Chi tiết tuyến'!P:P,"x",'Chi tiết tuyến'!$W:$W,"x"),"") -> 15 | AI19: =IF($G19<>"",SUMIFS('Chi tiết tuyến'!$BE:$BE,'Chi tiết tuyến'!$AA:$AA,Master!$G19,'Chi tiết tuyến'!$W:$W,"x"),"") -> 556033.33 | AJ19: =IF($G19<>"",COUNTIFS('Chi tiết tuyến'!$AA:$AA,Master!$G19,'Chi tiết tuyến'!Q:Q,"x",'Chi tiết tuyến'!$W:$W,"x"),"") -> 28 | AK19: =IF($G19<>"",SUMIFS('Chi tiết tuyến'!$BF:$BF,'Chi tiết tuyến'!$AA:$AA,Master!$G19,'Chi tiết tuyến'!$W:$W,"x"),"") -> 6217572.5 | AL19: =IF($G19<>"",SUM(Z19,AB19,AD19,AF19,AH19,AJ19),"") -> 120 | AM19: =IF($G19<>"",SUM(AA19,AC19,AE19,AG19,AI19,AK19),"") -> 17233570 | AN19: =IF($G19<>"",COUNTIFS('Chi tiết tuyến'!$AA:$AA,Master!$G19,'Chi tiết tuyến'!L:L,"x",'Chi tiết tuyến'!$X:$X,"x"),"") -> 16 | AO19: =IF($G19<>"",SUMIFS('Chi tiết tuyến'!$BA:$BA,'Chi tiết tuyến'!$AA:$AA,Master!$G19,'Chi tiết tuyến'!$X:$X,"x"),"") -> 2976096.7 | AP19: =IF($G19<>"",COUNTIFS('Chi tiết tuyến'!$AA:$AA,Master!$G19,'Chi tiết tuyến'!M:M,"x",'Chi tiết tuyến'!$X:$X,"x"),"") -> 13 | AQ19: =IF($G19<>"",SUMIFS('Chi tiết tuyến'!$BB:$BB,'Chi tiết tuyến'!$AA:$AA,Master!$G19,'Chi tiết tuyến'!$X:$X,"x"),"") -> 1879827.5 | AR19: =IF($G19<>"",COUNTIFS('Chi tiết tuyến'!$AA:$AA,Master!$G19,'Chi tiết tuyến'!N:N,"x",'Chi tiết tuyến'!$X:$X,"x"),"") -> 24 | AS19: =IF($G19<>"",SUMIFS('Chi tiết tuyến'!$BC:$BC,'Chi tiết tuyến'!$AA:$AA,Master!$G19,'Chi tiết tuyến'!$X:$X,"x"),"") -> 3757200 | AT19: =IF($G19<>"",COUNTIFS('Chi tiết tuyến'!$AA:$AA,Master!$G19,'Chi tiết tuyến'!O:O,"x",'Chi tiết tuyến'!$X:$X,"x"),"") -> 17 | AU19: =IF($G19<>"",SUMIFS('Chi tiết tuyến'!$BD:$BD,'Chi tiết tuyến'!$AA:$AA,Master!$G19,'Chi tiết tuyến'!$X:$X,"x"),"") -> 1603013.3 | AV19: =IF($G19<>"",COUNTIFS('Chi tiết tuyến'!$AA:$AA,Master!$G19,'Chi tiết tuyến'!P:P,"x",'Chi tiết tuyến'!$X:$X,"x"),"") -> 13 | AW19: =IF($G19<>"",SUMIFS('Chi tiết tuyến'!$BE:$BE,'Chi tiết tuyến'!$AA:$AA,Master!$G19,'Chi tiết tuyến'!$X:$X,"x"),"") -> 488025 | AX19: =IF($G19<>"",COUNTIFS('Chi tiết tuyến'!$AA:$AA,Master!$G19,'Chi tiết tuyến'!Q:Q,"x",'Chi tiết tuyến'!$X:$X,"x"),"") -> 26 | AY19: =IF($G19<>"",SUMIFS('Chi tiết tuyến'!$BF:$BF,'Chi tiết tuyến'!$AA:$AA,Master!$G19,'Chi tiết tuyến'!$X:$X,"x"),"") -> 6226322.5 | AZ19: =IF($G19<>"",SUM(AN19,AP19,AR19,AT19,AV19,AX19),"") -> 109 | BA19: =IF($G19<>"",SUM(AO19,AQ19,AS19,AU19,AW19,AY19),"") -> 16930485 | BB19: =COUNTIFS('Chi tiết tuyến'!$AA:$AA,Master!$G19,'Chi tiết tuyến'!L:L,"x",'Chi tiết tuyến'!$Y:$Y,"x") -> 18 | BC19: =SUMIFS('Chi tiết tuyến'!$BA:$BA,'Chi tiết tuyến'!$AA:$AA,Master!$G19,'Chi tiết tuyến'!$W:$W,"x") -> 2735430 | BD19: =COUNTIFS('Chi tiết tuyến'!$AA:$AA,Master!$G19,'Chi tiết tuyến'!M:M,"x",'Chi tiết tuyến'!$Y:$Y,"x") -> 15 | BE19: =SUMIFS('Chi tiết tuyến'!$BB:$BB,'Chi tiết tuyến'!$AA:$AA,Master!$G19,'Chi tiết tuyến'!$W:$W,"x") -> 2097630.8 | BF19: =COUNTIFS('Chi tiết tuyến'!$AA:$AA,Master!$G19,'Chi tiết tuyến'!N:N,"x",'Chi tiết tuyến'!$Y:$Y,"x") -> 26 | BG19: =SUMIFS('Chi tiết tuyến'!$BC:$BC,'Chi tiết tuyến'!$AA:$AA,Master!$G19,'Chi tiết tuyến'!$W:$W,"x") -> 3717993.3 | BH19: =COUNTIFS('Chi tiết tuyến'!$AA:$AA,Master!$G19,'Chi tiết tuyến'!O:O,"x",'Chi tiết tuyến'!$Y:$Y,"x") -> 18 | BI19: =SUMIFS('Chi tiết tuyến'!$BD:$BD,'Chi tiết tuyến'!$AA:$AA,Master!$G19,'Chi tiết tuyến'!$W:$W,"x") -> 1908910 | BJ19: =COUNTIFS('Chi tiết tuyến'!$AA:$AA,Master!$G19,'Chi tiết tuyến'!P:P,"x",'Chi tiết tuyến'!$Y:$Y,"x") -> 15 | BK19: =SUMIFS('Chi tiết tuyến'!$BE:$BE,'Chi tiết tuyến'!$AA:$AA,Master!$G19,'Chi tiết tuyến'!$W:$W,"x") -> 556033.33 | BL19: =COUNTIFS('Chi tiết tuyến'!$AA:$AA,Master!$G19,'Chi tiết tuyến'!Q:Q,"x",'Chi tiết tuyến'!$Y:$Y,"x") -> 28 | BM19: =SUMIFS('Chi tiết tuyến'!$BF:$BF,'Chi tiết tuyến'!$AA:$AA,Master!$G19,'Chi tiết tuyến'!$W:$W,"x") -> 6217572.5 | BN19: =SUM(BB19,BD19,BF19,BH19,BJ19,BL19) -> 120 | BO19: =SUM(BC19,BE19,BG19,BI19,BK19,BM19) -> 17233570 | BP19: =COUNTIFS('Chi tiết tuyến'!$AA:$AA,Master!$G19,'Chi tiết tuyến'!L:L,"x",'Chi tiết tuyến'!$Z:$Z,"x") -> 16 | BQ19: =SUMIFS('Chi tiết tuyến'!$BA:$BA,'Chi tiết tuyến'!$AA:$AA,Master!$G19,'Chi tiết tuyến'!$X:$X,"x") -> 2976096.7 | BR19: =COUNTIFS('Chi tiết tuyến'!$AA:$AA,Master!$G19,'Chi tiết tuyến'!M:M,"x",'Chi tiết tuyến'!$Z:$Z,"x") -> 13 | BS19: =SUMIFS('Chi tiết tuyến'!$BB:$BB,'Chi tiết tuyến'!$AA:$AA,Master!$G19,'Chi tiết tuyến'!$X:$X,"x") -> 1879827.5 | BT19: =COUNTIFS('Chi tiết tuyến'!$AA:$AA,Master!$G19,'Chi tiết tuyến'!N:N,"x",'Chi tiết tuyến'!$Z:$Z,"x") -> 24 | BU19: =SUMIFS('Chi tiết tuyến'!$BC:$BC,'Chi tiết tuyến'!$AA:$AA,Master!$G19,'Chi tiết tuyến'!$X:$X,"x") -> 3757200 | BV19: =COUNTIFS('Chi tiết tuyến'!$AA:$AA,Master!$G19,'Chi tiết tuyến'!O:O,"x",'Chi tiết tuyến'!$Z:$Z,"x") -> 17 | BW19: =SUMIFS('Chi tiết tuyến'!$BD:$BD,'Chi tiết tuyến'!$AA:$AA,Master!$G19,'Chi tiết tuyến'!$X:$X,"x") -> 1603013.3 | BX19: =COUNTIFS('Chi tiết tuyến'!$AA:$AA,Master!$G19,'Chi tiết tuyến'!P:P,"x",'Chi tiết tuyến'!$Z:$Z,"x") -> 13 | BY19: =SUMIFS('Chi tiết tuyến'!$BE:$BE,'Chi tiết tuyến'!$AA:$AA,Master!$G19,'Chi tiết tuyến'!$X:$X,"x") -> 488025 | BZ19: =COUNTIFS('Chi tiết tuyến'!$AA:$AA,Master!$G19,'Chi tiết tuyến'!Q:Q,"x",'Chi tiết tuyến'!$Z:$Z,"x") -> 26 | CA19: =SUMIFS('Chi tiết tuyến'!$BF:$BF,'Chi tiết tuyến'!$AA:$AA,Master!$G19,'Chi tiết tuyến'!$X:$X,"x") -> 6226322.5 | CB19: =SUM(BP19,BR19,BT19,BV19,BX19,BZ19) -> 109 | CC19: =SUM(BQ19,BS19,BU19,BW19,BY19,CA19) -> 16930485
F20: =IF(AND(F19>0,G20<>""),F19+1,"") | I20: =IF($G20<>"",SUMIFS('Chi tiết tuyến'!$AE:$AE,'Chi tiết tuyến'!$AD:$AD,Master!I$1,'Chi tiết tuyến'!$AA:$AA,Master!$G20),"") | J20: =IF($G20<>"",SUMIFS('Chi tiết tuyến'!$AE:$AE,'Chi tiết tuyến'!$AD:$AD,Master!J$1,'Chi tiết tuyến'!$AA:$AA,Master!$G20),"") | K20: =IF($G20<>"",SUM(I20:J20),"") | L20: =IF($G20<>"",COUNTIFS('Chi tiết tuyến'!$AA:$AA,Master!$G20,'Chi tiết tuyến'!$AD:$AD,Master!L$1),"") | M20: =IF($G20<>"",COUNTIFS('Chi tiết tuyến'!$AA:$AA,Master!$G20,'Chi tiết tuyến'!$AD:$AD,Master!M$1),"") | N20: =IF($G20<>"",SUM(L20:M20),"") | O20: =IF($G20<>"",VLOOKUP($G20,'Tuyến và nhân viên'!$I:$S,9,0),"") | P20: =IF($G20<>"",VLOOKUP($G20,'Tuyến và nhân viên'!$I:$S,10,0),"") | Q20: =IF($G20<>"",VLOOKUP($G20,'Tuyến và nhân viên'!$I:$S,11,0),"") | R20: =IF($G20<>"",SUMIFS('Chi tiết tuyến'!$AJ:$AJ,'Chi tiết tuyến'!$AA:$AA,Master!$G20),"") | S20: =IF($G20<>"",_xlfn.MINIFS(Z20:CC20,$Z$15:$CC$15,"# KH"),"") | T20: =IF($G20<>"",_xlfn.MAXIFS(Z20:CC20,$Z$15:$CC$15,"# KH"),"") | U20: =IF($G20<>"",COUNTIFS('Chi tiết tuyến'!$AG:$AG,U$2,'Chi tiết tuyến'!$AA:$AA,Master!$G20),"") | V20: =IF($G20<>"",COUNTIFS('Chi tiết tuyến'!$AG:$AG,V$2,'Chi tiết tuyến'!$AA:$AA,Master!$G20),"") | W20: =IF($G20<>"",COUNTIFS('Chi tiết tuyến'!$AG:$AG,W$2,'Chi tiết tuyến'!$AA:$AA,Master!$G20),"") | X20: =IF($G20<>"",COUNTIFS('Chi tiết tuyến'!$AH:$AH,FALSE,'Chi tiết tuyến'!$AA:$AA,Master!$G20),"") | Y20: =IF($G20<>"",COUNTIFS('Chi tiết tuyến'!$AI:$AI,FALSE,'Chi tiết tuyến'!$AA:$AA,Master!$G20),"") | Z20: =IF($G20<>"",COUNTIFS('Chi tiết tuyến'!$AA:$AA,Master!$G20,'Chi tiết tuyến'!L:L,"x",'Chi tiết tuyến'!$W:$W,"x"),"") | AA20: =IF($G20<>"",SUMIFS('Chi tiết tuyến'!$BA:$BA,'Chi tiết tuyến'!$AA:$AA,Master!$G20,'Chi tiết tuyến'!$W:$W,"x"),"") | AB20: =IF($G20<>"",COUNTIFS('Chi tiết tuyến'!$AA:$AA,Master!$G20,'Chi tiết tuyến'!M:M,"x",'Chi tiết tuyến'!$W:$W,"x"),"") | AC20: =IF($G20<>"",SUMIFS('Chi tiết tuyến'!$BB:$BB,'Chi tiết tuyến'!$AA:$AA,Master!$G20,'Chi tiết tuyến'!$W:$W,"x"),"") | AD20: =IF($G20<>"",COUNTIFS('Chi tiết tuyến'!$AA:$AA,Master!$G20,'Chi tiết tuyến'!N:N,"x",'Chi tiết tuyến'!$W:$W,"x"),"") | AE20: =IF($G20<>"",SUMIFS('Chi tiết tuyến'!$BC:$BC,'Chi tiết tuyến'!$AA:$AA,Master!$G20,'Chi tiết tuyến'!$W:$W,"x"),"") | AF20: =IF($G20<>"",COUNTIFS('Chi tiết tuyến'!$AA:$AA,Master!$G20,'Chi tiết tuyến'!O:O,"x",'Chi tiết tuyến'!$W:$W,"x"),"") | AG20: =IF($G20<>"",SUMIFS('Chi tiết tuyến'!$BD:$BD,'Chi tiết tuyến'!$AA:$AA,Master!$G20,'Chi tiết tuyến'!$W:$W,"x"),"") | AH20: =IF($G20<>"",COUNTIFS('Chi tiết tuyến'!$AA:$AA,Master!$G20,'Chi tiết tuyến'!P:P,"x",'Chi tiết tuyến'!$W:$W,"x"),"") | AI20: =IF($G20<>"",SUMIFS('Chi tiết tuyến'!$BE:$BE,'Chi tiết tuyến'!$AA:$AA,Master!$G20,'Chi tiết tuyến'!$W:$W,"x"),"") | AJ20: =IF($G20<>"",COUNTIFS('Chi tiết tuyến'!$AA:$AA,Master!$G20,'Chi tiết tuyến'!Q:Q,"x",'Chi tiết tuyến'!$W:$W,"x"),"") | AK20: =IF($G20<>"",SUMIFS('Chi tiết tuyến'!$BF:$BF,'Chi tiết tuyến'!$AA:$AA,Master!$G20,'Chi tiết tuyến'!$W:$W,"x"),"") | AL20: =IF($G20<>"",SUM(Z20,AB20,AD20,AF20,AH20,AJ20),"") | AM20: =IF($G20<>"",SUM(AA20,AC20,AE20,AG20,AI20,AK20),"") | AN20: =IF($G20<>"",COUNTIFS('Chi tiết tuyến'!$AA:$AA,Master!$G20,'Chi tiết tuyến'!L:L,"x",'Chi tiết tuyến'!$X:$X,"x"),"") | AO20: =IF($G20<>"",SUMIFS('Chi tiết tuyến'!$BA:$BA,'Chi tiết tuyến'!$AA:$AA,Master!$G20,'Chi tiết tuyến'!$X:$X,"x"),"") | AP20: =IF($G20<>"",COUNTIFS('Chi tiết tuyến'!$AA:$AA,Master!$G20,'Chi tiết tuyến'!M:M,"x",'Chi tiết tuyến'!$X:$X,"x"),"") | AQ20: =IF($G20<>"",SUMIFS('Chi tiết tuyến'!$BB:$BB,'Chi tiết tuyến'!$AA:$AA,Master!$G20,'Chi tiết tuyến'!$X:$X,"x"),"") | AR20: =IF($G20<>"",COUNTIFS('Chi tiết tuyến'!$AA:$AA,Master!$G20,'Chi tiết tuyến'!N:N,"x",'Chi tiết tuyến'!$X:$X,"x"),"") | AS20: =IF($G20<>"",SUMIFS('Chi tiết tuyến'!$BC:$BC,'Chi tiết tuyến'!$AA:$AA,Master!$G20,'Chi tiết tuyến'!$X:$X,"x"),"") | AT20: =IF($G20<>"",COUNTIFS('Chi tiết tuyến'!$AA:$AA,Master!$G20,'Chi tiết tuyến'!O:O,"x",'Chi tiết tuyến'!$X:$X,"x"),"") | AU20: =IF($G20<>"",SUMIFS('Chi tiết tuyến'!$BD:$BD,'Chi tiết tuyến'!$AA:$AA,Master!$G20,'Chi tiết tuyến'!$X:$X,"x"),"") | AV20: =IF($G20<>"",COUNTIFS('Chi tiết tuyến'!$AA:$AA,Master!$G20,'Chi tiết tuyến'!P:P,"x",'Chi tiết tuyến'!$X:$X,"x"),"") | AW20: =IF($G20<>"",SUMIFS('Chi tiết tuyến'!$BE:$BE,'Chi tiết tuyến'!$AA:$AA,Master!$G20,'Chi tiết tuyến'!$X:$X,"x"),"") | AX20: =IF($G20<>"",COUNTIFS('Chi tiết tuyến'!$AA:$AA,Master!$G20,'Chi tiết tuyến'!Q:Q,"x",'Chi tiết tuyến'!$X:$X,"x"),"") | AY20: =IF($G20<>"",SUMIFS('Chi tiết tuyến'!$BF:$BF,'Chi tiết tuyến'!$AA:$AA,Master!$G20,'Chi tiết tuyến'!$X:$X,"x"),"") | AZ20: =IF($G20<>"",SUM(AN20,AP20,AR20,AT20,AV20,AX20),"") | BA20: =IF($G20<>"",SUM(AO20,AQ20,AS20,AU20,AW20,AY20),"") | BB20: =COUNTIFS('Chi tiết tuyến'!$AA:$AA,Master!$G20,'Chi tiết tuyến'!L:L,"x",'Chi tiết tuyến'!$Y:$Y,"x") -> 0 | BC20: =SUMIFS('Chi tiết tuyến'!$BA:$BA,'Chi tiết tuyến'!$AA:$AA,Master!$G20,'Chi tiết tuyến'!$W:$W,"x") -> 0 | BD20: =COUNTIFS('Chi tiết tuyến'!$AA:$AA,Master!$G20,'Chi tiết tuyến'!M:M,"x",'Chi tiết tuyến'!$Y:$Y,"x") -> 0 | BE20: =SUMIFS('Chi tiết tuyến'!$BB:$BB,'Chi tiết tuyến'!$AA:$AA,Master!$G20,'Chi tiết tuyến'!$W:$W,"x") -> 0 | BF20: =COUNTIFS('Chi tiết tuyến'!$AA:$AA,Master!$G20,'Chi tiết tuyến'!N:N,"x",'Chi tiết tuyến'!$Y:$Y,"x") -> 0 | BG20: =SUMIFS('Chi tiết tuyến'!$BC:$BC,'Chi tiết tuyến'!$AA:$AA,Master!$G20,'Chi tiết tuyến'!$W:$W,"x") -> 0 | BH20: =COUNTIFS('Chi tiết tuyến'!$AA:$AA,Master!$G20,'Chi tiết tuyến'!O:O,"x",'Chi tiết tuyến'!$Y:$Y,"x") -> 0 | BI20: =SUMIFS('Chi tiết tuyến'!$BD:$BD,'Chi tiết tuyến'!$AA:$AA,Master!$G20,'Chi tiết tuyến'!$W:$W,"x") -> 0 | BJ20: =COUNTIFS('Chi tiết tuyến'!$AA:$AA,Master!$G20,'Chi tiết tuyến'!P:P,"x",'Chi tiết tuyến'!$Y:$Y,"x") -> 0 | BK20: =SUMIFS('Chi tiết tuyến'!$BE:$BE,'Chi tiết tuyến'!$AA:$AA,Master!$G20,'Chi tiết tuyến'!$W:$W,"x") -> 0 | BL20: =COUNTIFS('Chi tiết tuyến'!$AA:$AA,Master!$G20,'Chi tiết tuyến'!Q:Q,"x",'Chi tiết tuyến'!$Y:$Y,"x") -> 0 | BM20: =SUMIFS('Chi tiết tuyến'!$BF:$BF,'Chi tiết tuyến'!$AA:$AA,Master!$G20,'Chi tiết tuyến'!$W:$W,"x") -> 0 | BN20: =SUM(BB20,BD20,BF20,BH20,BJ20,BL20) -> 0 | BO20: =SUM(BC20,BE20,BG20,BI20,BK20,BM20) -> 0 | BP20: =COUNTIFS('Chi tiết tuyến'!$AA:$AA,Master!$G20,'Chi tiết tuyến'!L:L,"x",'Chi tiết tuyến'!$Z:$Z,"x") -> 0 | BQ20: =SUMIFS('Chi tiết tuyến'!$BA:$BA,'Chi tiết tuyến'!$AA:$AA,Master!$G20,'Chi tiết tuyến'!$X:$X,"x") -> 0 | BR20: =COUNTIFS('Chi tiết tuyến'!$AA:$AA,Master!$G20,'Chi tiết tuyến'!M:M,"x",'Chi tiết tuyến'!$Z:$Z,"x") -> 0 | BS20: =SUMIFS('Chi tiết tuyến'!$BB:$BB,'Chi tiết tuyến'!$AA:$AA,Master!$G20,'Chi tiết tuyến'!$X:$X,"x") -> 0 | BT20: =COUNTIFS('Chi tiết tuyến'!$AA:$AA,Master!$G20,'Chi tiết tuyến'!N:N,"x",'Chi tiết tuyến'!$Z:$Z,"x") -> 0 | BU20: =SUMIFS('Chi tiết tuyến'!$BC:$BC,'Chi tiết tuyến'!$AA:$AA,Master!$G20,'Chi tiết tuyến'!$X:$X,"x") -> 0 | BV20: =COUNTIFS('Chi tiết tuyến'!$AA:$AA,Master!$G20,'Chi tiết tuyến'!O:O,"x",'Chi tiết tuyến'!$Z:$Z,"x") -> 0 | BW20: =SUMIFS('Chi tiết tuyến'!$BD:$BD,'Chi tiết tuyến'!$AA:$AA,Master!$G20,'Chi tiết tuyến'!$X:$X,"x") -> 0 | BX20: =COUNTIFS('Chi tiết tuyến'!$AA:$AA,Master!$G20,'Chi tiết tuyến'!P:P,"x",'Chi tiết tuyến'!$Z:$Z,"x") -> 0 | BY20: =SUMIFS('Chi tiết tuyến'!$BE:$BE,'Chi tiết tuyến'!$AA:$AA,Master!$G20,'Chi tiết tuyến'!$X:$X,"x") -> 0 | BZ20: =COUNTIFS('Chi tiết tuyến'!$AA:$AA,Master!$G20,'Chi tiết tuyến'!Q:Q,"x",'Chi tiết tuyến'!$Z:$Z,"x") -> 0 | CA20: =SUMIFS('Chi tiết tuyến'!$BF:$BF,'Chi tiết tuyến'!$AA:$AA,Master!$G20,'Chi tiết tuyến'!$X:$X,"x") -> 0 | CB20: =SUM(BP20,BR20,BT20,BV20,BX20,BZ20) -> 0 | CC20: =SUM(BQ20,BS20,BU20,BW20,BY20,CA20) -> 0
F21: =IF(AND(F20>0,G21<>""),F20+1,"") | I21: =IF($G21<>"",SUMIFS('Chi tiết tuyến'!$AE:$AE,'Chi tiết tuyến'!$AD:$AD,Master!I$1,'Chi tiết tuyến'!$AA:$AA,Master!$G21),"") | J21: =IF($G21<>"",SUMIFS('Chi tiết tuyến'!$AE:$AE,'Chi tiết tuyến'!$AD:$AD,Master!J$1,'Chi tiết tuyến'!$AA:$AA,Master!$G21),"") | K21: =IF($G21<>"",SUM(I21:J21),"") | L21: =IF($G21<>"",COUNTIFS('Chi tiết tuyến'!$AA:$AA,Master!$G21,'Chi tiết tuyến'!$AD:$AD,Master!L$1),"") | M21: =IF($G21<>"",COUNTIFS('Chi tiết tuyến'!$AA:$AA,Master!$G21,'Chi tiết tuyến'!$AD:$AD,Master!M$1),"") | N21: =IF($G21<>"",SUM(L21:M21),"") | O21: =IF($G21<>"",VLOOKUP($G21,'Tuyến và nhân viên'!$I:$S,9,0),"") | P21: =IF($G21<>"",VLOOKUP($G21,'Tuyến và nhân viên'!$I:$S,10,0),"") | Q21: =IF($G21<>"",VLOOKUP($G21,'Tuyến và nhân viên'!$I:$S,11,0),"") | R21: =IF($G21<>"",SUMIFS('Chi tiết tuyến'!$AJ:$AJ,'Chi tiết tuyến'!$AA:$AA,Master!$G21),"") | S21: =IF($G21<>"",_xlfn.MINIFS(Z21:CC21,$Z$15:$CC$15,"# KH"),"") | T21: =IF($G21<>"",_xlfn.MAXIFS(Z21:CC21,$Z$15:$CC$15,"# KH"),"") | U21: =IF($G21<>"",COUNTIFS('Chi tiết tuyến'!$AG:$AG,U$2,'Chi tiết tuyến'!$AA:$AA,Master!$G21),"") | V21: =IF($G21<>"",COUNTIFS('Chi tiết tuyến'!$AG:$AG,V$2,'Chi tiết tuyến'!$AA:$AA,Master!$G21),"") | W21: =IF($G21<>"",COUNTIFS('Chi tiết tuyến'!$AG:$AG,W$2,'Chi tiết tuyến'!$AA:$AA,Master!$G21),"") | X21: =IF($G21<>"",COUNTIFS('Chi tiết tuyến'!$AH:$AH,FALSE,'Chi tiết tuyến'!$AA:$AA,Master!$G21),"") | Y21: =IF($G21<>"",COUNTIFS('Chi tiết tuyến'!$AI:$AI,FALSE,'Chi tiết tuyến'!$AA:$AA,Master!$G21),"") | Z21: =IF($G21<>"",COUNTIFS('Chi tiết tuyến'!$AA:$AA,Master!$G21,'Chi tiết tuyến'!L:L,"x",'Chi tiết tuyến'!$W:$W,"x"),"") | AA21: =IF($G21<>"",SUMIFS('Chi tiết tuyến'!$BA:$BA,'Chi tiết tuyến'!$AA:$AA,Master!$G21,'Chi tiết tuyến'!$W:$W,"x"),"") | AB21: =IF($G21<>"",COUNTIFS('Chi tiết tuyến'!$AA:$AA,Master!$G21,'Chi tiết tuyến'!M:M,"x",'Chi tiết tuyến'!$W:$W,"x"),"") | AC21: =IF($G21<>"",SUMIFS('Chi tiết tuyến'!$BB:$BB,'Chi tiết tuyến'!$AA:$AA,Master!$G21,'Chi tiết tuyến'!$W:$W,"x"),"") | AD21: =IF($G21<>"",COUNTIFS('Chi tiết tuyến'!$AA:$AA,Master!$G21,'Chi tiết tuyến'!N:N,"x",'Chi tiết tuyến'!$W:$W,"x"),"") | AE21: =IF($G21<>"",SUMIFS('Chi tiết tuyến'!$BC:$BC,'Chi tiết tuyến'!$AA:$AA,Master!$G21,'Chi tiết tuyến'!$W:$W,"x"),"") | AF21: =IF($G21<>"",COUNTIFS('Chi tiết tuyến'!$AA:$AA,Master!$G21,'Chi tiết tuyến'!O:O,"x",'Chi tiết tuyến'!$W:$W,"x"),"") | AG21: =IF($G21<>"",SUMIFS('Chi tiết tuyến'!$BD:$BD,'Chi tiết tuyến'!$AA:$AA,Master!$G21,'Chi tiết tuyến'!$W:$W,"x"),"") | AH21: =IF($G21<>"",COUNTIFS('Chi tiết tuyến'!$AA:$AA,Master!$G21,'Chi tiết tuyến'!P:P,"x",'Chi tiết tuyến'!$W:$W,"x"),"") | AI21: =IF($G21<>"",SUMIFS('Chi tiết tuyến'!$BE:$BE,'Chi tiết tuyến'!$AA:$AA,Master!$G21,'Chi tiết tuyến'!$W:$W,"x"),"") | AJ21: =IF($G21<>"",COUNTIFS('Chi tiết tuyến'!$AA:$AA,Master!$G21,'Chi tiết tuyến'!Q:Q,"x",'Chi tiết tuyến'!$W:$W,"x"),"") | AK21: =IF($G21<>"",SUMIFS('Chi tiết tuyến'!$BF:$BF,'Chi tiết tuyến'!$AA:$AA,Master!$G21,'Chi tiết tuyến'!$W:$W,"x"),"") | AL21: =IF($G21<>"",SUM(Z21,AB21,AD21,AF21,AH21,AJ21),"") | AM21: =IF($G21<>"",SUM(AA21,AC21,AE21,AG21,AI21,AK21),"") | AN21: =IF($G21<>"",COUNTIFS('Chi tiết tuyến'!$AA:$AA,Master!$G21,'Chi tiết tuyến'!L:L,"x",'Chi tiết tuyến'!$X:$X,"x"),"") | AO21: =IF($G21<>"",SUMIFS('Chi tiết tuyến'!$BA:$BA,'Chi tiết tuyến'!$AA:$AA,Master!$G21,'Chi tiết tuyến'!$X:$X,"x"),"") | AP21: =IF($G21<>"",COUNTIFS('Chi tiết tuyến'!$AA:$AA,Master!$G21,'Chi tiết tuyến'!M:M,"x",'Chi tiết tuyến'!$X:$X,"x"),"") | AQ21: =IF($G21<>"",SUMIFS('Chi tiết tuyến'!$BB:$BB,'Chi tiết tuyến'!$AA:$AA,Master!$G21,'Chi tiết tuyến'!$X:$X,"x"),"") | AR21: =IF($G21<>"",COUNTIFS('Chi tiết tuyến'!$AA:$AA,Master!$G21,'Chi tiết tuyến'!N:N,"x",'Chi tiết tuyến'!$X:$X,"x"),"") | AS21: =IF($G21<>"",SUMIFS('Chi tiết tuyến'!$BC:$BC,'Chi tiết tuyến'!$AA:$AA,Master!$G21,'Chi tiết tuyến'!$X:$X,"x"),"") | AT21: =IF($G21<>"",COUNTIFS('Chi tiết tuyến'!$AA:$AA,Master!$G21,'Chi tiết tuyến'!O:O,"x",'Chi tiết tuyến'!$X:$X,"x"),"") | AU21: =IF($G21<>"",SUMIFS('Chi tiết tuyến'!$BD:$BD,'Chi tiết tuyến'!$AA:$AA,Master!$G21,'Chi tiết tuyến'!$X:$X,"x"),"") | AV21: =IF($G21<>"",COUNTIFS('Chi tiết tuyến'!$AA:$AA,Master!$G21,'Chi tiết tuyến'!P:P,"x",'Chi tiết tuyến'!$X:$X,"x"),"") | AW21: =IF($G21<>"",SUMIFS('Chi tiết tuyến'!$BE:$BE,'Chi tiết tuyến'!$AA:$AA,Master!$G21,'Chi tiết tuyến'!$X:$X,"x"),"") | AX21: =IF($G21<>"",COUNTIFS('Chi tiết tuyến'!$AA:$AA,Master!$G21,'Chi tiết tuyến'!Q:Q,"x",'Chi tiết tuyến'!$X:$X,"x"),"") | AY21: =IF($G21<>"",SUMIFS('Chi tiết tuyến'!$BF:$BF,'Chi tiết tuyến'!$AA:$AA,Master!$G21,'Chi tiết tuyến'!$X:$X,"x"),"") | AZ21: =IF($G21<>"",SUM(AN21,AP21,AR21,AT21,AV21,AX21),"") | BA21: =IF($G21<>"",SUM(AO21,AQ21,AS21,AU21,AW21,AY21),"") | BB21: =COUNTIFS('Chi tiết tuyến'!$AA:$AA,Master!$G21,'Chi tiết tuyến'!L:L,"x",'Chi tiết tuyến'!$Y:$Y,"x") -> 0 | BC21: =SUMIFS('Chi tiết tuyến'!$BA:$BA,'Chi tiết tuyến'!$AA:$AA,Master!$G21,'Chi tiết tuyến'!$W:$W,"x") -> 0 | BD21: =COUNTIFS('Chi tiết tuyến'!$AA:$AA,Master!$G21,'Chi tiết tuyến'!M:M,"x",'Chi tiết tuyến'!$Y:$Y,"x") -> 0 | BE21: =SUMIFS('Chi tiết tuyến'!$BB:$BB,'Chi tiết tuyến'!$AA:$AA,Master!$G21,'Chi tiết tuyến'!$W:$W,"x") -> 0 | BF21: =COUNTIFS('Chi tiết tuyến'!$AA:$AA,Master!$G21,'Chi tiết tuyến'!N:N,"x",'Chi tiết tuyến'!$Y:$Y,"x") -> 0 | BG21: =SUMIFS('Chi tiết tuyến'!$BC:$BC,'Chi tiết tuyến'!$AA:$AA,Master!$G21,'Chi tiết tuyến'!$W:$W,"x") -> 0 | BH21: =COUNTIFS('Chi tiết tuyến'!$AA:$AA,Master!$G21,'Chi tiết tuyến'!O:O,"x",'Chi tiết tuyến'!$Y:$Y,"x") -> 0 | BI21: =SUMIFS('Chi tiết tuyến'!$BD:$BD,'Chi tiết tuyến'!$AA:$AA,Master!$G21,'Chi tiết tuyến'!$W:$W,"x") -> 0 | BJ21: =COUNTIFS('Chi tiết tuyến'!$AA:$AA,Master!$G21,'Chi tiết tuyến'!P:P,"x",'Chi tiết tuyến'!$Y:$Y,"x") -> 0 | BK21: =SUMIFS('Chi tiết tuyến'!$BE:$BE,'Chi tiết tuyến'!$AA:$AA,Master!$G21,'Chi tiết tuyến'!$W:$W,"x") -> 0 | BL21: =COUNTIFS('Chi tiết tuyến'!$AA:$AA,Master!$G21,'Chi tiết tuyến'!Q:Q,"x",'Chi tiết tuyến'!$Y:$Y,"x") -> 0 | BM21: =SUMIFS('Chi tiết tuyến'!$BF:$BF,'Chi tiết tuyến'!$AA:$AA,Master!$G21,'Chi tiết tuyến'!$W:$W,"x") -> 0 | BN21: =SUM(BB21,BD21,BF21,BH21,BJ21,BL21) -> 0 | BO21: =SUM(BC21,BE21,BG21,BI21,BK21,BM21) -> 0 | BP21: =COUNTIFS('Chi tiết tuyến'!$AA:$AA,Master!$G21,'Chi tiết tuyến'!L:L,"x",'Chi tiết tuyến'!$Z:$Z,"x") -> 0 | BQ21: =SUMIFS('Chi tiết tuyến'!$BA:$BA,'Chi tiết tuyến'!$AA:$AA,Master!$G21,'Chi tiết tuyến'!$X:$X,"x") -> 0 | BR21: =COUNTIFS('Chi tiết tuyến'!$AA:$AA,Master!$G21,'Chi tiết tuyến'!M:M,"x",'Chi tiết tuyến'!$Z:$Z,"x") -> 0 | BS21: =SUMIFS('Chi tiết tuyến'!$BB:$BB,'Chi tiết tuyến'!$AA:$AA,Master!$G21,'Chi tiết tuyến'!$X:$X,"x") -> 0 | BT21: =COUNTIFS('Chi tiết tuyến'!$AA:$AA,Master!$G21,'Chi tiết tuyến'!N:N,"x",'Chi tiết tuyến'!$Z:$Z,"x") -> 0 | BU21: =SUMIFS('Chi tiết tuyến'!$BC:$BC,'Chi tiết tuyến'!$AA:$AA,Master!$G21,'Chi tiết tuyến'!$X:$X,"x") -> 0 | BV21: =COUNTIFS('Chi tiết tuyến'!$AA:$AA,Master!$G21,'Chi tiết tuyến'!O:O,"x",'Chi tiết tuyến'!$Z:$Z,"x") -> 0 | BW21: =SUMIFS('Chi tiết tuyến'!$BD:$BD,'Chi tiết tuyến'!$AA:$AA,Master!$G21,'Chi tiết tuyến'!$X:$X,"x") -> 0 | BX21: =COUNTIFS('Chi tiết tuyến'!$AA:$AA,Master!$G21,'Chi tiết tuyến'!P:P,"x",'Chi tiết tuyến'!$Z:$Z,"x") -> 0 | BY21: =SUMIFS('Chi tiết tuyến'!$BE:$BE,'Chi tiết tuyến'!$AA:$AA,Master!$G21,'Chi tiết tuyến'!$X:$X,"x") -> 0 | BZ21: =COUNTIFS('Chi tiết tuyến'!$AA:$AA,Master!$G21,'Chi tiết tuyến'!Q:Q,"x",'Chi tiết tuyến'!$Z:$Z,"x") -> 0 | CA21: =SUMIFS('Chi tiết tuyến'!$BF:$BF,'Chi tiết tuyến'!$AA:$AA,Master!$G21,'Chi tiết tuyến'!$X:$X,"x") -> 0 | CB21: =SUM(BP21,BR21,BT21,BV21,BX21,BZ21) -> 0 | CC21: =SUM(BQ21,BS21,BU21,BW21,BY21,CA21) -> 0
F22: =IF(AND(F21>0,G22<>""),F21+1,"") | I22: =IF($G22<>"",SUMIFS('Chi tiết tuyến'!$AE:$AE,'Chi tiết tuyến'!$AD:$AD,Master!I$1,'Chi tiết tuyến'!$AA:$AA,Master!$G22),"") | J22: =IF($G22<>"",SUMIFS('Chi tiết tuyến'!$AE:$AE,'Chi tiết tuyến'!$AD:$AD,Master!J$1,'Chi tiết tuyến'!$AA:$AA,Master!$G22),"") | K22: =IF($G22<>"",SUM(I22:J22),"") | L22: =IF($G22<>"",COUNTIFS('Chi tiết tuyến'!$AA:$AA,Master!$G22,'Chi tiết tuyến'!$AD:$AD,Master!L$1),"") | M22: =IF($G22<>"",COUNTIFS('Chi tiết tuyến'!$AA:$AA,Master!$G22,'Chi tiết tuyến'!$AD:$AD,Master!M$1),"") | N22: =IF($G22<>"",SUM(L22:M22),"") | O22: =IF($G22<>"",VLOOKUP($G22,'Tuyến và nhân viên'!$I:$S,9,0),"") | P22: =IF($G22<>"",VLOOKUP($G22,'Tuyến và nhân viên'!$I:$S,10,0),"") | Q22: =IF($G22<>"",VLOOKUP($G22,'Tuyến và nhân viên'!$I:$S,11,0),"") | R22: =IF($G22<>"",SUMIFS('Chi tiết tuyến'!$AJ:$AJ,'Chi tiết tuyến'!$AA:$AA,Master!$G22),"") | S22: =IF($G22<>"",_xlfn.MINIFS(Z22:CC22,$Z$15:$CC$15,"# KH"),"") | T22: =IF($G22<>"",_xlfn.MAXIFS(Z22:CC22,$Z$15:$CC$15,"# KH"),"") | U22: =IF($G22<>"",COUNTIFS('Chi tiết tuyến'!$AG:$AG,U$2,'Chi tiết tuyến'!$AA:$AA,Master!$G22),"") | V22: =IF($G22<>"",COUNTIFS('Chi tiết tuyến'!$AG:$AG,V$2,'Chi tiết tuyến'!$AA:$AA,Master!$G22),"") | W22: =IF($G22<>"",COUNTIFS('Chi tiết tuyến'!$AG:$AG,W$2,'Chi tiết tuyến'!$AA:$AA,Master!$G22),"") | X22: =IF($G22<>"",COUNTIFS('Chi tiết tuyến'!$AH:$AH,FALSE,'Chi tiết tuyến'!$AA:$AA,Master!$G22),"") | Y22: =IF($G22<>"",COUNTIFS('Chi tiết tuyến'!$AI:$AI,FALSE,'Chi tiết tuyến'!$AA:$AA,Master!$G22),"") | Z22: =IF($G22<>"",COUNTIFS('Chi tiết tuyến'!$AA:$AA,Master!$G22,'Chi tiết tuyến'!L:L,"x",'Chi tiết tuyến'!$W:$W,"x"),"") | AA22: =IF($G22<>"",SUMIFS('Chi tiết tuyến'!$BA:$BA,'Chi tiết tuyến'!$AA:$AA,Master!$G22,'Chi tiết tuyến'!$W:$W,"x"),"") | AB22: =IF($G22<>"",COUNTIFS('Chi tiết tuyến'!$AA:$AA,Master!$G22,'Chi tiết tuyến'!M:M,"x",'Chi tiết tuyến'!$W:$W,"x"),"") | AC22: =IF($G22<>"",SUMIFS('Chi tiết tuyến'!$BB:$BB,'Chi tiết tuyến'!$AA:$AA,Master!$G22,'Chi tiết tuyến'!$W:$W,"x"),"") | AD22: =IF($G22<>"",COUNTIFS('Chi tiết tuyến'!$AA:$AA,Master!$G22,'Chi tiết tuyến'!N:N,"x",'Chi tiết tuyến'!$W:$W,"x"),"") | AE22: =IF($G22<>"",SUMIFS('Chi tiết tuyến'!$BC:$BC,'Chi tiết tuyến'!$AA:$AA,Master!$G22,'Chi tiết tuyến'!$W:$W,"x"),"") | AF22: =IF($G22<>"",COUNTIFS('Chi tiết tuyến'!$AA:$AA,Master!$G22,'Chi tiết tuyến'!O:O,"x",'Chi tiết tuyến'!$W:$W,"x"),"") | AG22: =IF($G22<>"",SUMIFS('Chi tiết tuyến'!$BD:$BD,'Chi tiết tuyến'!$AA:$AA,Master!$G22,'Chi tiết tuyến'!$W:$W,"x"),"") | AH22: =IF($G22<>"",COUNTIFS('Chi tiết tuyến'!$AA:$AA,Master!$G22,'Chi tiết tuyến'!P:P,"x",'Chi tiết tuyến'!$W:$W,"x"),"") | AI22: =IF($G22<>"",SUMIFS('Chi tiết tuyến'!$BE:$BE,'Chi tiết tuyến'!$AA:$AA,Master!$G22,'Chi tiết tuyến'!$W:$W,"x"),"") | AJ22: =IF($G22<>"",COUNTIFS('Chi tiết tuyến'!$AA:$AA,Master!$G22,'Chi tiết tuyến'!Q:Q,"x",'Chi tiết tuyến'!$W:$W,"x"),"") | AK22: =IF($G22<>"",SUMIFS('Chi tiết tuyến'!$BF:$BF,'Chi tiết tuyến'!$AA:$AA,Master!$G22,'Chi tiết tuyến'!$W:$W,"x"),"") | AL22: =IF($G22<>"",SUM(Z22,AB22,AD22,AF22,AH22,AJ22),"") | AM22: =IF($G22<>"",SUM(AA22,AC22,AE22,AG22,AI22,AK22),"") | AN22: =IF($G22<>"",COUNTIFS('Chi tiết tuyến'!$AA:$AA,Master!$G22,'Chi tiết tuyến'!L:L,"x",'Chi tiết tuyến'!$X:$X,"x"),"") | AO22: =IF($G22<>"",SUMIFS('Chi tiết tuyến'!$BA:$BA,'Chi tiết tuyến'!$AA:$AA,Master!$G22,'Chi tiết tuyến'!$X:$X,"x"),"") | AP22: =IF($G22<>"",COUNTIFS('Chi tiết tuyến'!$AA:$AA,Master!$G22,'Chi tiết tuyến'!M:M,"x",'Chi tiết tuyến'!$X:$X,"x"),"") | AQ22: =IF($G22<>"",SUMIFS('Chi tiết tuyến'!$BB:$BB,'Chi tiết tuyến'!$AA:$AA,Master!$G22,'Chi tiết tuyến'!$X:$X,"x"),"") | AR22: =IF($G22<>"",COUNTIFS('Chi tiết tuyến'!$AA:$AA,Master!$G22,'Chi tiết tuyến'!N:N,"x",'Chi tiết tuyến'!$X:$X,"x"),"") | AS22: =IF($G22<>"",SUMIFS('Chi tiết tuyến'!$BC:$BC,'Chi tiết tuyến'!$AA:$AA,Master!$G22,'Chi tiết tuyến'!$X:$X,"x"),"") | AT22: =IF($G22<>"",COUNTIFS('Chi tiết tuyến'!$AA:$AA,Master!$G22,'Chi tiết tuyến'!O:O,"x",'Chi tiết tuyến'!$X:$X,"x"),"") | AU22: =IF($G22<>"",SUMIFS('Chi tiết tuyến'!$BD:$BD,'Chi tiết tuyến'!$AA:$AA,Master!$G22,'Chi tiết tuyến'!$X:$X,"x"),"") | AV22: =IF($G22<>"",COUNTIFS('Chi tiết tuyến'!$AA:$AA,Master!$G22,'Chi tiết tuyến'!P:P,"x",'Chi tiết tuyến'!$X:$X,"x"),"") | AW22: =IF($G22<>"",SUMIFS('Chi tiết tuyến'!$BE:$BE,'Chi tiết tuyến'!$AA:$AA,Master!$G22,'Chi tiết tuyến'!$X:$X,"x"),"") | AX22: =IF($G22<>"",COUNTIFS('Chi tiết tuyến'!$AA:$AA,Master!$G22,'Chi tiết tuyến'!Q:Q,"x",'Chi tiết tuyến'!$X:$X,"x"),"") | AY22: =IF($G22<>"",SUMIFS('Chi tiết tuyến'!$BF:$BF,'Chi tiết tuyến'!$AA:$AA,Master!$G22,'Chi tiết tuyến'!$X:$X,"x"),"") | AZ22: =IF($G22<>"",SUM(AN22,AP22,AR22,AT22,AV22,AX22),"") | BA22: =IF($G22<>"",SUM(AO22,AQ22,AS22,AU22,AW22,AY22),"") | BB22: =COUNTIFS('Chi tiết tuyến'!$AA:$AA,Master!$G22,'Chi tiết tuyến'!L:L,"x",'Chi tiết tuyến'!$Y:$Y,"x") -> 0 | BC22: =SUMIFS('Chi tiết tuyến'!$BA:$BA,'Chi tiết tuyến'!$AA:$AA,Master!$G22,'Chi tiết tuyến'!$W:$W,"x") -> 0 | BD22: =COUNTIFS('Chi tiết tuyến'!$AA:$AA,Master!$G22,'Chi tiết tuyến'!M:M,"x",'Chi tiết tuyến'!$Y:$Y,"x") -> 0 | BE22: =SUMIFS('Chi tiết tuyến'!$BB:$BB,'Chi tiết tuyến'!$AA:$AA,Master!$G22,'Chi tiết tuyến'!$W:$W,"x") -> 0 | BF22: =COUNTIFS('Chi tiết tuyến'!$AA:$AA,Master!$G22,'Chi tiết tuyến'!N:N,"x",'Chi tiết tuyến'!$Y:$Y,"x") -> 0 | BG22: =SUMIFS('Chi tiết tuyến'!$BC:$BC,'Chi tiết tuyến'!$AA:$AA,Master!$G22,'Chi tiết tuyến'!$W:$W,"x") -> 0 | BH22: =COUNTIFS('Chi tiết tuyến'!$AA:$AA,Master!$G22,'Chi tiết tuyến'!O:O,"x",'Chi tiết tuyến'!$Y:$Y,"x") -> 0 | BI22: =SUMIFS('Chi tiết tuyến'!$BD:$BD,'Chi tiết tuyến'!$AA:$AA,Master!$G22,'Chi tiết tuyến'!$W:$W,"x") -> 0 | BJ22: =COUNTIFS('Chi tiết tuyến'!$AA:$AA,Master!$G22,'Chi tiết tuyến'!P:P,"x",'Chi tiết tuyến'!$Y:$Y,"x") -> 0 | BK22: =SUMIFS('Chi tiết tuyến'!$BE:$BE,'Chi tiết tuyến'!$AA:$AA,Master!$G22,'Chi tiết tuyến'!$W:$W,"x") -> 0 | BL22: =COUNTIFS('Chi tiết tuyến'!$AA:$AA,Master!$G22,'Chi tiết tuyến'!Q:Q,"x",'Chi tiết tuyến'!$Y:$Y,"x") -> 0 | BM22: =SUMIFS('Chi tiết tuyến'!$BF:$BF,'Chi tiết tuyến'!$AA:$AA,Master!$G22,'Chi tiết tuyến'!$W:$W,"x") -> 0 | BN22: =SUM(BB22,BD22,BF22,BH22,BJ22,BL22) -> 0 | BO22: =SUM(BC22,BE22,BG22,BI22,BK22,BM22) -> 0 | BP22: =COUNTIFS('Chi tiết tuyến'!$AA:$AA,Master!$G22,'Chi tiết tuyến'!L:L,"x",'Chi tiết tuyến'!$Z:$Z,"x") -> 0 | BQ22: =SUMIFS('Chi tiết tuyến'!$BA:$BA,'Chi tiết tuyến'!$AA:$AA,Master!$G22,'Chi tiết tuyến'!$X:$X,"x") -> 0 | BR22: =COUNTIFS('Chi tiết tuyến'!$AA:$AA,Master!$G22,'Chi tiết tuyến'!M:M,"x",'Chi tiết tuyến'!$Z:$Z,"x") -> 0 | BS22: =SUMIFS('Chi tiết tuyến'!$BB:$BB,'Chi tiết tuyến'!$AA:$AA,Master!$G22,'Chi tiết tuyến'!$X:$X,"x") -> 0 | BT22: =COUNTIFS('Chi tiết tuyến'!$AA:$AA,Master!$G22,'Chi tiết tuyến'!N:N,"x",'Chi tiết tuyến'!$Z:$Z,"x") -> 0 | BU22: =SUMIFS('Chi tiết tuyến'!$BC:$BC,'Chi tiết tuyến'!$AA:$AA,Master!$G22,'Chi tiết tuyến'!$X:$X,"x") -> 0 | BV22: =COUNTIFS('Chi tiết tuyến'!$AA:$AA,Master!$G22,'Chi tiết tuyến'!O:O,"x",'Chi tiết tuyến'!$Z:$Z,"x") -> 0 | BW22: =SUMIFS('Chi tiết tuyến'!$BD:$BD,'Chi tiết tuyến'!$AA:$AA,Master!$G22,'Chi tiết tuyến'!$X:$X,"x") -> 0 | BX22: =COUNTIFS('Chi tiết tuyến'!$AA:$AA,Master!$G22,'Chi tiết tuyến'!P:P,"x",'Chi tiết tuyến'!$Z:$Z,"x") -> 0 | BY22: =SUMIFS('Chi tiết tuyến'!$BE:$BE,'Chi tiết tuyến'!$AA:$AA,Master!$G22,'Chi tiết tuyến'!$X:$X,"x") -> 0 | BZ22: =COUNTIFS('Chi tiết tuyến'!$AA:$AA,Master!$G22,'Chi tiết tuyến'!Q:Q,"x",'Chi tiết tuyến'!$Z:$Z,"x") -> 0 | CA22: =SUMIFS('Chi tiết tuyến'!$BF:$BF,'Chi tiết tuyến'!$AA:$AA,Master!$G22,'Chi tiết tuyến'!$X:$X,"x") -> 0 | CB22: =SUM(BP22,BR22,BT22,BV22,BX22,BZ22) -> 0 | CC22: =SUM(BQ22,BS22,BU22,BW22,BY22,CA22) -> 0
F23: =IF(AND(F22>0,G23<>""),F22+1,"") | I23: =IF($G23<>"",SUMIFS('Chi tiết tuyến'!$AE:$AE,'Chi tiết tuyến'!$AD:$AD,Master!I$1,'Chi tiết tuyến'!$AA:$AA,Master!$G23),"") | J23: =IF($G23<>"",SUMIFS('Chi tiết tuyến'!$AE:$AE,'Chi tiết tuyến'!$AD:$AD,Master!J$1,'Chi tiết tuyến'!$AA:$AA,Master!$G23),"") | K23: =IF($G23<>"",SUM(I23:J23),"") | L23: =IF($G23<>"",COUNTIFS('Chi tiết tuyến'!$AA:$AA,Master!$G23,'Chi tiết tuyến'!$AD:$AD,Master!L$1),"") | M23: =IF($G23<>"",COUNTIFS('Chi tiết tuyến'!$AA:$AA,Master!$G23,'Chi tiết tuyến'!$AD:$AD,Master!M$1),"") | N23: =IF($G23<>"",SUM(L23:M23),"") | O23: =IF($G23<>"",VLOOKUP($G23,'Tuyến và nhân viên'!$I:$S,9,0),"") | P23: =IF($G23<>"",VLOOKUP($G23,'Tuyến và nhân viên'!$I:$S,10,0),"") | Q23: =IF($G23<>"",VLOOKUP($G23,'Tuyến và nhân viên'!$I:$S,11,0),"") | R23: =IF($G23<>"",SUMIFS('Chi tiết tuyến'!$AJ:$AJ,'Chi tiết tuyến'!$AA:$AA,Master!$G23),"") | S23: =IF($G23<>"",_xlfn.MINIFS(Z23:CC23,$Z$15:$CC$15,"# KH"),"") | T23: =IF($G23<>"",_xlfn.MAXIFS(Z23:CC23,$Z$15:$CC$15,"# KH"),"") | U23: =IF($G23<>"",COUNTIFS('Chi tiết tuyến'!$AG:$AG,U$2,'Chi tiết tuyến'!$AA:$AA,Master!$G23),"") | V23: =IF($G23<>"",COUNTIFS('Chi tiết tuyến'!$AG:$AG,V$2,'Chi tiết tuyến'!$AA:$AA,Master!$G23),"") | W23: =IF($G23<>"",COUNTIFS('Chi tiết tuyến'!$AG:$AG,W$2,'Chi tiết tuyến'!$AA:$AA,Master!$G23),"") | X23: =IF($G23<>"",COUNTIFS('Chi tiết tuyến'!$AH:$AH,FALSE,'Chi tiết tuyến'!$AA:$AA,Master!$G23),"") | Y23: =IF($G23<>"",COUNTIFS('Chi tiết tuyến'!$AI:$AI,FALSE,'Chi tiết tuyến'!$AA:$AA,Master!$G23),"") | Z23: =IF($G23<>"",COUNTIFS('Chi tiết tuyến'!$AA:$AA,Master!$G23,'Chi tiết tuyến'!L:L,"x",'Chi tiết tuyến'!$W:$W,"x"),"") | AA23: =IF($G23<>"",SUMIFS('Chi tiết tuyến'!$BA:$BA,'Chi tiết tuyến'!$AA:$AA,Master!$G23,'Chi tiết tuyến'!$W:$W,"x"),"") | AB23: =IF($G23<>"",COUNTIFS('Chi tiết tuyến'!$AA:$AA,Master!$G23,'Chi tiết tuyến'!M:M,"x",'Chi tiết tuyến'!$W:$W,"x"),"") | AC23: =IF($G23<>"",SUMIFS('Chi tiết tuyến'!$BB:$BB,'Chi tiết tuyến'!$AA:$AA,Master!$G23,'Chi tiết tuyến'!$W:$W,"x"),"") | AD23: =IF($G23<>"",COUNTIFS('Chi tiết tuyến'!$AA:$AA,Master!$G23,'Chi tiết tuyến'!N:N,"x",'Chi tiết tuyến'!$W:$W,"x"),"") | AE23: =IF($G23<>"",SUMIFS('Chi tiết tuyến'!$BC:$BC,'Chi tiết tuyến'!$AA:$AA,Master!$G23,'Chi tiết tuyến'!$W:$W,"x"),"") | AF23: =IF($G23<>"",COUNTIFS('Chi tiết tuyến'!$AA:$AA,Master!$G23,'Chi tiết tuyến'!O:O,"x",'Chi tiết tuyến'!$W:$W,"x"),"") | AG23: =IF($G23<>"",SUMIFS('Chi tiết tuyến'!$BD:$BD,'Chi tiết tuyến'!$AA:$AA,Master!$G23,'Chi tiết tuyến'!$W:$W,"x"),"") | AH23: =IF($G23<>"",COUNTIFS('Chi tiết tuyến'!$AA:$AA,Master!$G23,'Chi tiết tuyến'!P:P,"x",'Chi tiết tuyến'!$W:$W,"x"),"") | AI23: =IF($G23<>"",SUMIFS('Chi tiết tuyến'!$BE:$BE,'Chi tiết tuyến'!$AA:$AA,Master!$G23,'Chi tiết tuyến'!$W:$W,"x"),"") | AJ23: =IF($G23<>"",COUNTIFS('Chi tiết tuyến'!$AA:$AA,Master!$G23,'Chi tiết tuyến'!Q:Q,"x",'Chi tiết tuyến'!$W:$W,"x"),"") | AK23: =IF($G23<>"",SUMIFS('Chi tiết tuyến'!$BF:$BF,'Chi tiết tuyến'!$AA:$AA,Master!$G23,'Chi tiết tuyến'!$W:$W,"x"),"") | AL23: =IF($G23<>"",SUM(Z23,AB23,AD23,AF23,AH23,AJ23),"") | AM23: =IF($G23<>"",SUM(AA23,AC23,AE23,AG23,AI23,AK23),"") | AN23: =IF($G23<>"",COUNTIFS('Chi tiết tuyến'!$AA:$AA,Master!$G23,'Chi tiết tuyến'!L:L,"x",'Chi tiết tuyến'!$X:$X,"x"),"") | AO23: =IF($G23<>"",SUMIFS('Chi tiết tuyến'!$BA:$BA,'Chi tiết tuyến'!$AA:$AA,Master!$G23,'Chi tiết tuyến'!$X:$X,"x"),"") | AP23: =IF($G23<>"",COUNTIFS('Chi tiết tuyến'!$AA:$AA,Master!$G23,'Chi tiết tuyến'!M:M,"x",'Chi tiết tuyến'!$X:$X,"x"),"") | AQ23: =IF($G23<>"",SUMIFS('Chi tiết tuyến'!$BB:$BB,'Chi tiết tuyến'!$AA:$AA,Master!$G23,'Chi tiết tuyến'!$X:$X,"x"),"") | AR23: =IF($G23<>"",COUNTIFS('Chi tiết tuyến'!$AA:$AA,Master!$G23,'Chi tiết tuyến'!N:N,"x",'Chi tiết tuyến'!$X:$X,"x"),"") | AS23: =IF($G23<>"",SUMIFS('Chi tiết tuyến'!$BC:$BC,'Chi tiết tuyến'!$AA:$AA,Master!$G23,'Chi tiết tuyến'!$X:$X,"x"),"") | AT23: =IF($G23<>"",COUNTIFS('Chi tiết tuyến'!$AA:$AA,Master!$G23,'Chi tiết tuyến'!O:O,"x",'Chi tiết tuyến'!$X:$X,"x"),"") | AU23: =IF($G23<>"",SUMIFS('Chi tiết tuyến'!$BD:$BD,'Chi tiết tuyến'!$AA:$AA,Master!$G23,'Chi tiết tuyến'!$X:$X,"x"),"") | AV23: =IF($G23<>"",COUNTIFS('Chi tiết tuyến'!$AA:$AA,Master!$G23,'Chi tiết tuyến'!P:P,"x",'Chi tiết tuyến'!$X:$X,"x"),"") | AW23: =IF($G23<>"",SUMIFS('Chi tiết tuyến'!$BE:$BE,'Chi tiết tuyến'!$AA:$AA,Master!$G23,'Chi tiết tuyến'!$X:$X,"x"),"") | AX23: =IF($G23<>"",COUNTIFS('Chi tiết tuyến'!$AA:$AA,Master!$G23,'Chi tiết tuyến'!Q:Q,"x",'Chi tiết tuyến'!$X:$X,"x"),"") | AY23: =IF($G23<>"",SUMIFS('Chi tiết tuyến'!$BF:$BF,'Chi tiết tuyến'!$AA:$AA,Master!$G23,'Chi tiết tuyến'!$X:$X,"x"),"") | AZ23: =IF($G23<>"",SUM(AN23,AP23,AR23,AT23,AV23,AX23),"") | BA23: =IF($G23<>"",SUM(AO23,AQ23,AS23,AU23,AW23,AY23),"") | BB23: =COUNTIFS('Chi tiết tuyến'!$AA:$AA,Master!$G23,'Chi tiết tuyến'!L:L,"x",'Chi tiết tuyến'!$Y:$Y,"x") -> 0 | BC23: =SUMIFS('Chi tiết tuyến'!$BA:$BA,'Chi tiết tuyến'!$AA:$AA,Master!$G23,'Chi tiết tuyến'!$W:$W,"x") -> 0 | BD23: =COUNTIFS('Chi tiết tuyến'!$AA:$AA,Master!$G23,'Chi tiết tuyến'!M:M,"x",'Chi tiết tuyến'!$Y:$Y,"x") -> 0 | BE23: =SUMIFS('Chi tiết tuyến'!$BB:$BB,'Chi tiết tuyến'!$AA:$AA,Master!$G23,'Chi tiết tuyến'!$W:$W,"x") -> 0 | BF23: =COUNTIFS('Chi tiết tuyến'!$AA:$AA,Master!$G23,'Chi tiết tuyến'!N:N,"x",'Chi tiết tuyến'!$Y:$Y,"x") -> 0 | BG23: =SUMIFS('Chi tiết tuyến'!$BC:$BC,'Chi tiết tuyến'!$AA:$AA,Master!$G23,'Chi tiết tuyến'!$W:$W,"x") -> 0 | BH23: =COUNTIFS('Chi tiết tuyến'!$AA:$AA,Master!$G23,'Chi tiết tuyến'!O:O,"x",'Chi tiết tuyến'!$Y:$Y,"x") -> 0 | BI23: =SUMIFS('Chi tiết tuyến'!$BD:$BD,'Chi tiết tuyến'!$AA:$AA,Master!$G23,'Chi tiết tuyến'!$W:$W,"x") -> 0 | BJ23: =COUNTIFS('Chi tiết tuyến'!$AA:$AA,Master!$G23,'Chi tiết tuyến'!P:P,"x",'Chi tiết tuyến'!$Y:$Y,"x") -> 0 | BK23: =SUMIFS('Chi tiết tuyến'!$BE:$BE,'Chi tiết tuyến'!$AA:$AA,Master!$G23,'Chi tiết tuyến'!$W:$W,"x") -> 0 | BL23: =COUNTIFS('Chi tiết tuyến'!$AA:$AA,Master!$G23,'Chi tiết tuyến'!Q:Q,"x",'Chi tiết tuyến'!$Y:$Y,"x") -> 0 | BM23: =SUMIFS('Chi tiết tuyến'!$BF:$BF,'Chi tiết tuyến'!$AA:$AA,Master!$G23,'Chi tiết tuyến'!$W:$W,"x") -> 0 | BN23: =SUM(BB23,BD23,BF23,BH23,BJ23,BL23) -> 0 | BO23: =SUM(BC23,BE23,BG23,BI23,BK23,BM23) -> 0 | BP23: =COUNTIFS('Chi tiết tuyến'!$AA:$AA,Master!$G23,'Chi tiết tuyến'!L:L,"x",'Chi tiết tuyến'!$Z:$Z,"x") -> 0 | BQ23: =SUMIFS('Chi tiết tuyến'!$BA:$BA,'Chi tiết tuyến'!$AA:$AA,Master!$G23,'Chi tiết tuyến'!$X:$X,"x") -> 0 | BR23: =COUNTIFS('Chi tiết tuyến'!$AA:$AA,Master!$G23,'Chi tiết tuyến'!M:M,"x",'Chi tiết tuyến'!$Z:$Z,"x") -> 0 | BS23: =SUMIFS('Chi tiết tuyến'!$BB:$BB,'Chi tiết tuyến'!$AA:$AA,Master!$G23,'Chi tiết tuyến'!$X:$X,"x") -> 0 | BT23: =COUNTIFS('Chi tiết tuyến'!$AA:$AA,Master!$G23,'Chi tiết tuyến'!N:N,"x",'Chi tiết tuyến'!$Z:$Z,"x") -> 0 | BU23: =SUMIFS('Chi tiết tuyến'!$BC:$BC,'Chi tiết tuyến'!$AA:$AA,Master!$G23,'Chi tiết tuyến'!$X:$X,"x") -> 0 | BV23: =COUNTIFS('Chi tiết tuyến'!$AA:$AA,Master!$G23,'Chi tiết tuyến'!O:O,"x",'Chi tiết tuyến'!$Z:$Z,"x") -> 0 | BW23: =SUMIFS('Chi tiết tuyến'!$BD:$BD,'Chi tiết tuyến'!$AA:$AA,Master!$G23,'Chi tiết tuyến'!$X:$X,"x") -> 0 | BX23: =COUNTIFS('Chi tiết tuyến'!$AA:$AA,Master!$G23,'Chi tiết tuyến'!P:P,"x",'Chi tiết tuyến'!$Z:$Z,"x") -> 0 | BY23: =SUMIFS('Chi tiết tuyến'!$BE:$BE,'Chi tiết tuyến'!$AA:$AA,Master!$G23,'Chi tiết tuyến'!$X:$X,"x") -> 0 | BZ23: =COUNTIFS('Chi tiết tuyến'!$AA:$AA,Master!$G23,'Chi tiết tuyến'!Q:Q,"x",'Chi tiết tuyến'!$Z:$Z,"x") -> 0 | CA23: =SUMIFS('Chi tiết tuyến'!$BF:$BF,'Chi tiết tuyến'!$AA:$AA,Master!$G23,'Chi tiết tuyến'!$X:$X,"x") -> 0 | CB23: =SUM(BP23,BR23,BT23,BV23,BX23,BZ23) -> 0 | CC23: =SUM(BQ23,BS23,BU23,BW23,BY23,CA23) -> 0
F24: =IF(AND(F23>0,G24<>""),F23+1,"") | I24: =IF($G24<>"",SUMIFS('Chi tiết tuyến'!$AE:$AE,'Chi tiết tuyến'!$AD:$AD,Master!I$1,'Chi tiết tuyến'!$AA:$AA,Master!$G24),"") | J24: =IF($G24<>"",SUMIFS('Chi tiết tuyến'!$AE:$AE,'Chi tiết tuyến'!$AD:$AD,Master!J$1,'Chi tiết tuyến'!$AA:$AA,Master!$G24),"") | K24: =IF($G24<>"",SUM(I24:J24),"") | L24: =IF($G24<>"",COUNTIFS('Chi tiết tuyến'!$AA:$AA,Master!$G24,'Chi tiết tuyến'!$AD:$AD,Master!L$1),"") | M24: =IF($G24<>"",COUNTIFS('Chi tiết tuyến'!$AA:$AA,Master!$G24,'Chi tiết tuyến'!$AD:$AD,Master!M$1),"") | N24: =IF($G24<>"",SUM(L24:M24),"") | O24: =IF($G24<>"",VLOOKUP($G24,'Tuyến và nhân viên'!$I:$S,9,0),"") | P24: =IF($G24<>"",VLOOKUP($G24,'Tuyến và nhân viên'!$I:$S,10,0),"") | Q24: =IF($G24<>"",VLOOKUP($G24,'Tuyến và nhân viên'!$I:$S,11,0),"") | R24: =IF($G24<>"",SUMIFS('Chi tiết tuyến'!$AJ:$AJ,'Chi tiết tuyến'!$AA:$AA,Master!$G24),"") | S24: =IF($G24<>"",_xlfn.MINIFS(Z24:CC24,$Z$15:$CC$15,"# KH"),"") | T24: =IF($G24<>"",_xlfn.MAXIFS(Z24:CC24,$Z$15:$CC$15,"# KH"),"") | U24: =IF($G24<>"",COUNTIFS('Chi tiết tuyến'!$AG:$AG,U$2,'Chi tiết tuyến'!$AA:$AA,Master!$G24),"") | V24: =IF($G24<>"",COUNTIFS('Chi tiết tuyến'!$AG:$AG,V$2,'Chi tiết tuyến'!$AA:$AA,Master!$G24),"") | W24: =IF($G24<>"",COUNTIFS('Chi tiết tuyến'!$AG:$AG,W$2,'Chi tiết tuyến'!$AA:$AA,Master!$G24),"") | X24: =IF($G24<>"",COUNTIFS('Chi tiết tuyến'!$AH:$AH,FALSE,'Chi tiết tuyến'!$AA:$AA,Master!$G24),"") | Y24: =IF($G24<>"",COUNTIFS('Chi tiết tuyến'!$AI:$AI,FALSE,'Chi tiết tuyến'!$AA:$AA,Master!$G24),"") | Z24: =IF($G24<>"",COUNTIFS('Chi tiết tuyến'!$AA:$AA,Master!$G24,'Chi tiết tuyến'!L:L,"x",'Chi tiết tuyến'!$W:$W,"x"),"") | AA24: =IF($G24<>"",SUMIFS('Chi tiết tuyến'!$BA:$BA,'Chi tiết tuyến'!$AA:$AA,Master!$G24,'Chi tiết tuyến'!$W:$W,"x"),"") | AB24: =IF($G24<>"",COUNTIFS('Chi tiết tuyến'!$AA:$AA,Master!$G24,'Chi tiết tuyến'!M:M,"x",'Chi tiết tuyến'!$W:$W,"x"),"") | AC24: =IF($G24<>"",SUMIFS('Chi tiết tuyến'!$BB:$BB,'Chi tiết tuyến'!$AA:$AA,Master!$G24,'Chi tiết tuyến'!$W:$W,"x"),"") | AD24: =IF($G24<>"",COUNTIFS('Chi tiết tuyến'!$AA:$AA,Master!$G24,'Chi tiết tuyến'!N:N,"x",'Chi tiết tuyến'!$W:$W,"x"),"") | AE24: =IF($G24<>"",SUMIFS('Chi tiết tuyến'!$BC:$BC,'Chi tiết tuyến'!$AA:$AA,Master!$G24,'Chi tiết tuyến'!$W:$W,"x"),"") | AF24: =IF($G24<>"",COUNTIFS('Chi tiết tuyến'!$AA:$AA,Master!$G24,'Chi tiết tuyến'!O:O,"x",'Chi tiết tuyến'!$W:$W,"x"),"") | AG24: =IF($G24<>"",SUMIFS('Chi tiết tuyến'!$BD:$BD,'Chi tiết tuyến'!$AA:$AA,Master!$G24,'Chi tiết tuyến'!$W:$W,"x"),"") | AH24: =IF($G24<>"",COUNTIFS('Chi tiết tuyến'!$AA:$AA,Master!$G24,'Chi tiết tuyến'!P:P,"x",'Chi tiết tuyến'!$W:$W,"x"),"") | AI24: =IF($G24<>"",SUMIFS('Chi tiết tuyến'!$BE:$BE,'Chi tiết tuyến'!$AA:$AA,Master!$G24,'Chi tiết tuyến'!$W:$W,"x"),"") | AJ24: =IF($G24<>"",COUNTIFS('Chi tiết tuyến'!$AA:$AA,Master!$G24,'Chi tiết tuyến'!Q:Q,"x",'Chi tiết tuyến'!$W:$W,"x"),"") | AK24: =IF($G24<>"",SUMIFS('Chi tiết tuyến'!$BF:$BF,'Chi tiết tuyến'!$AA:$AA,Master!$G24,'Chi tiết tuyến'!$W:$W,"x"),"") | AL24: =IF($G24<>"",SUM(Z24,AB24,AD24,AF24,AH24,AJ24),"") | AM24: =IF($G24<>"",SUM(AA24,AC24,AE24,AG24,AI24,AK24),"") | AN24: =IF($G24<>"",COUNTIFS('Chi tiết tuyến'!$AA:$AA,Master!$G24,'Chi tiết tuyến'!L:L,"x",'Chi tiết tuyến'!$X:$X,"x"),"") | AO24: =IF($G24<>"",SUMIFS('Chi tiết tuyến'!$BA:$BA,'Chi tiết tuyến'!$AA:$AA,Master!$G24,'Chi tiết tuyến'!$X:$X,"x"),"") | AP24: =IF($G24<>"",COUNTIFS('Chi tiết tuyến'!$AA:$AA,Master!$G24,'Chi tiết tuyến'!M:M,"x",'Chi tiết tuyến'!$X:$X,"x"),"") | AQ24: =IF($G24<>"",SUMIFS('Chi tiết tuyến'!$BB:$BB,'Chi tiết tuyến'!$AA:$AA,Master!$G24,'Chi tiết tuyến'!$X:$X,"x"),"") | AR24: =IF($G24<>"",COUNTIFS('Chi tiết tuyến'!$AA:$AA,Master!$G24,'Chi tiết tuyến'!N:N,"x",'Chi tiết tuyến'!$X:$X,"x"),"") | AS24: =IF($G24<>"",SUMIFS('Chi tiết tuyến'!$BC:$BC,'Chi tiết tuyến'!$AA:$AA,Master!$G24,'Chi tiết tuyến'!$X:$X,"x"),"") | AT24: =IF($G24<>"",COUNTIFS('Chi tiết tuyến'!$AA:$AA,Master!$G24,'Chi tiết tuyến'!O:O,"x",'Chi tiết tuyến'!$X:$X,"x"),"") | AU24: =IF($G24<>"",SUMIFS('Chi tiết tuyến'!$BD:$BD,'Chi tiết tuyến'!$AA:$AA,Master!$G24,'Chi tiết tuyến'!$X:$X,"x"),"") | AV24: =IF($G24<>"",COUNTIFS('Chi tiết tuyến'!$AA:$AA,Master!$G24,'Chi tiết tuyến'!P:P,"x",'Chi tiết tuyến'!$X:$X,"x"),"") | AW24: =IF($G24<>"",SUMIFS('Chi tiết tuyến'!$BE:$BE,'Chi tiết tuyến'!$AA:$AA,Master!$G24,'Chi tiết tuyến'!$X:$X,"x"),"") | AX24: =IF($G24<>"",COUNTIFS('Chi tiết tuyến'!$AA:$AA,Master!$G24,'Chi tiết tuyến'!Q:Q,"x",'Chi tiết tuyến'!$X:$X,"x"),"") | AY24: =IF($G24<>"",SUMIFS('Chi tiết tuyến'!$BF:$BF,'Chi tiết tuyến'!$AA:$AA,Master!$G24,'Chi tiết tuyến'!$X:$X,"x"),"") | AZ24: =IF($G24<>"",SUM(AN24,AP24,AR24,AT24,AV24,AX24),"") | BA24: =IF($G24<>"",SUM(AO24,AQ24,AS24,AU24,AW24,AY24),"") | BB24: =COUNTIFS('Chi tiết tuyến'!$AA:$AA,Master!$G24,'Chi tiết tuyến'!L:L,"x",'Chi tiết tuyến'!$Y:$Y,"x") -> 0 | BC24: =SUMIFS('Chi tiết tuyến'!$BA:$BA,'Chi tiết tuyến'!$AA:$AA,Master!$G24,'Chi tiết tuyến'!$W:$W,"x") -> 0 | BD24: =COUNTIFS('Chi tiết tuyến'!$AA:$AA,Master!$G24,'Chi tiết tuyến'!M:M,"x",'Chi tiết tuyến'!$Y:$Y,"x") -> 0 | BE24: =SUMIFS('Chi tiết tuyến'!$BB:$BB,'Chi tiết tuyến'!$AA:$AA,Master!$G24,'Chi tiết tuyến'!$W:$W,"x") -> 0 | BF24: =COUNTIFS('Chi tiết tuyến'!$AA:$AA,Master!$G24,'Chi tiết tuyến'!N:N,"x",'Chi tiết tuyến'!$Y:$Y,"x") -> 0 | BG24: =SUMIFS('Chi tiết tuyến'!$BC:$BC,'Chi tiết tuyến'!$AA:$AA,Master!$G24,'Chi tiết tuyến'!$W:$W,"x") -> 0 | BH24: =COUNTIFS('Chi tiết tuyến'!$AA:$AA,Master!$G24,'Chi tiết tuyến'!O:O,"x",'Chi tiết tuyến'!$Y:$Y,"x") -> 0 | BI24: =SUMIFS('Chi tiết tuyến'!$BD:$BD,'Chi tiết tuyến'!$AA:$AA,Master!$G24,'Chi tiết tuyến'!$W:$W,"x") -> 0 | BJ24: =COUNTIFS('Chi tiết tuyến'!$AA:$AA,Master!$G24,'Chi tiết tuyến'!P:P,"x",'Chi tiết tuyến'!$Y:$Y,"x") -> 0 | BK24: =SUMIFS('Chi tiết tuyến'!$BE:$BE,'Chi tiết tuyến'!$AA:$AA,Master!$G24,'Chi tiết tuyến'!$W:$W,"x") -> 0 | BL24: =COUNTIFS('Chi tiết tuyến'!$AA:$AA,Master!$G24,'Chi tiết tuyến'!Q:Q,"x",'Chi tiết tuyến'!$Y:$Y,"x") -> 0 | BM24: =SUMIFS('Chi tiết tuyến'!$BF:$BF,'Chi tiết tuyến'!$AA:$AA,Master!$G24,'Chi tiết tuyến'!$W:$W,"x") -> 0 | BN24: =SUM(BB24,BD24,BF24,BH24,BJ24,BL24) -> 0 | BO24: =SUM(BC24,BE24,BG24,BI24,BK24,BM24) -> 0 | BP24: =COUNTIFS('Chi tiết tuyến'!$AA:$AA,Master!$G24,'Chi tiết tuyến'!L:L,"x",'Chi tiết tuyến'!$Z:$Z,"x") -> 0 | BQ24: =SUMIFS('Chi tiết tuyến'!$BA:$BA,'Chi tiết tuyến'!$AA:$AA,Master!$G24,'Chi tiết tuyến'!$X:$X,"x") -> 0 | BR24: =COUNTIFS('Chi tiết tuyến'!$AA:$AA,Master!$G24,'Chi tiết tuyến'!M:M,"x",'Chi tiết tuyến'!$Z:$Z,"x") -> 0 | BS24: =SUMIFS('Chi tiết tuyến'!$BB:$BB,'Chi tiết tuyến'!$AA:$AA,Master!$G24,'Chi tiết tuyến'!$X:$X,"x") -> 0 | BT24: =COUNTIFS('Chi tiết tuyến'!$AA:$AA,Master!$G24,'Chi tiết tuyến'!N:N,"x",'Chi tiết tuyến'!$Z:$Z,"x") -> 0 | BU24: =SUMIFS('Chi tiết tuyến'!$BC:$BC,'Chi tiết tuyến'!$AA:$AA,Master!$G24,'Chi tiết tuyến'!$X:$X,"x") -> 0 | BV24: =COUNTIFS('Chi tiết tuyến'!$AA:$AA,Master!$G24,'Chi tiết tuyến'!O:O,"x",'Chi tiết tuyến'!$Z:$Z,"x") -> 0 | BW24: =SUMIFS('Chi tiết tuyến'!$BD:$BD,'Chi tiết tuyến'!$AA:$AA,Master!$G24,'Chi tiết tuyến'!$X:$X,"x") -> 0 | BX24: =COUNTIFS('Chi tiết tuyến'!$AA:$AA,Master!$G24,'Chi tiết tuyến'!P:P,"x",'Chi tiết tuyến'!$Z:$Z,"x") -> 0 | BY24: =SUMIFS('Chi tiết tuyến'!$BE:$BE,'Chi tiết tuyến'!$AA:$AA,Master!$G24,'Chi tiết tuyến'!$X:$X,"x") -> 0 | BZ24: =COUNTIFS('Chi tiết tuyến'!$AA:$AA,Master!$G24,'Chi tiết tuyến'!Q:Q,"x",'Chi tiết tuyến'!$Z:$Z,"x") -> 0 | CA24: =SUMIFS('Chi tiết tuyến'!$BF:$BF,'Chi tiết tuyến'!$AA:$AA,Master!$G24,'Chi tiết tuyến'!$X:$X,"x") -> 0 | CB24: =SUM(BP24,BR24,BT24,BV24,BX24,BZ24) -> 0 | CC24: =SUM(BQ24,BS24,BU24,BW24,BY24,CA24) -> 0
F25: =IF(AND(F24>0,G25<>""),F24+1,"") | I25: =IF($G25<>"",SUMIFS('Chi tiết tuyến'!$AE:$AE,'Chi tiết tuyến'!$AD:$AD,Master!I$1,'Chi tiết tuyến'!$AA:$AA,Master!$G25),"") | J25: =IF($G25<>"",SUMIFS('Chi tiết tuyến'!$AE:$AE,'Chi tiết tuyến'!$AD:$AD,Master!J$1,'Chi tiết tuyến'!$AA:$AA,Master!$G25),"") | K25: =IF($G25<>"",SUM(I25:J25),"") | L25: =IF($G25<>"",COUNTIFS('Chi tiết tuyến'!$AA:$AA,Master!$G25,'Chi tiết tuyến'!$AD:$AD,Master!L$1),"") | M25: =IF($G25<>"",COUNTIFS('Chi tiết tuyến'!$AA:$AA,Master!$G25,'Chi tiết tuyến'!$AD:$AD,Master!M$1),"") | N25: =IF($G25<>"",SUM(L25:M25),"") | O25: =IF($G25<>"",VLOOKUP($G25,'Tuyến và nhân viên'!$I:$S,9,0),"") | P25: =IF($G25<>"",VLOOKUP($G25,'Tuyến và nhân viên'!$I:$S,10,0),"") | Q25: =IF($G25<>"",VLOOKUP($G25,'Tuyến và nhân viên'!$I:$S,11,0),"") | R25: =IF($G25<>"",SUMIFS('Chi tiết tuyến'!$AJ:$AJ,'Chi tiết tuyến'!$AA:$AA,Master!$G25),"") | S25: =IF($G25<>"",_xlfn.MINIFS(Z25:CC25,$Z$15:$CC$15,"# KH"),"") | T25: =IF($G25<>"",_xlfn.MAXIFS(Z25:CC25,$Z$15:$CC$15,"# KH"),"") | U25: =IF($G25<>"",COUNTIFS('Chi tiết tuyến'!$AG:$AG,U$2,'Chi tiết tuyến'!$AA:$AA,Master!$G25),"") | V25: =IF($G25<>"",COUNTIFS('Chi tiết tuyến'!$AG:$AG,V$2,'Chi tiết tuyến'!$AA:$AA,Master!$G25),"") | W25: =IF($G25<>"",COUNTIFS('Chi tiết tuyến'!$AG:$AG,W$2,'Chi tiết tuyến'!$AA:$AA,Master!$G25),"") | X25: =IF($G25<>"",COUNTIFS('Chi tiết tuyến'!$AH:$AH,FALSE,'Chi tiết tuyến'!$AA:$AA,Master!$G25),"") | Y25: =IF($G25<>"",COUNTIFS('Chi tiết tuyến'!$AI:$AI,FALSE,'Chi tiết tuyến'!$AA:$AA,Master!$G25),"") | Z25: =IF($G25<>"",COUNTIFS('Chi tiết tuyến'!$AA:$AA,Master!$G25,'Chi tiết tuyến'!L:L,"x",'Chi tiết tuyến'!$W:$W,"x"),"") | AA25: =IF($G25<>"",SUMIFS('Chi tiết tuyến'!$BA:$BA,'Chi tiết tuyến'!$AA:$AA,Master!$G25,'Chi tiết tuyến'!$W:$W,"x"),"") | AB25: =IF($G25<>"",COUNTIFS('Chi tiết tuyến'!$AA:$AA,Master!$G25,'Chi tiết tuyến'!M:M,"x",'Chi tiết tuyến'!$W:$W,"x"),"") | AC25: =IF($G25<>"",SUMIFS('Chi tiết tuyến'!$BB:$BB,'Chi tiết tuyến'!$AA:$AA,Master!$G25,'Chi tiết tuyến'!$W:$W,"x"),"") | AD25: =IF($G25<>"",COUNTIFS('Chi tiết tuyến'!$AA:$AA,Master!$G25,'Chi tiết tuyến'!N:N,"x",'Chi tiết tuyến'!$W:$W,"x"),"") | AE25: =IF($G25<>"",SUMIFS('Chi tiết tuyến'!$BC:$BC,'Chi tiết tuyến'!$AA:$AA,Master!$G25,'Chi tiết tuyến'!$W:$W,"x"),"") | AF25: =IF($G25<>"",COUNTIFS('Chi tiết tuyến'!$AA:$AA,Master!$G25,'Chi tiết tuyến'!O:O,"x",'Chi tiết tuyến'!$W:$W,"x"),"") | AG25: =IF($G25<>"",SUMIFS('Chi tiết tuyến'!$BD:$BD,'Chi tiết tuyến'!$AA:$AA,Master!$G25,'Chi tiết tuyến'!$W:$W,"x"),"") | AH25: =IF($G25<>"",COUNTIFS('Chi tiết tuyến'!$AA:$AA,Master!$G25,'Chi tiết tuyến'!P:P,"x",'Chi tiết tuyến'!$W:$W,"x"),"") | AI25: =IF($G25<>"",SUMIFS('Chi tiết tuyến'!$BE:$BE,'Chi tiết tuyến'!$AA:$AA,Master!$G25,'Chi tiết tuyến'!$W:$W,"x"),"") | AJ25: =IF($G25<>"",COUNTIFS('Chi tiết tuyến'!$AA:$AA,Master!$G25,'Chi tiết tuyến'!Q:Q,"x",'Chi tiết tuyến'!$W:$W,"x"),"") | AK25: =IF($G25<>"",SUMIFS('Chi tiết tuyến'!$BF:$BF,'Chi tiết tuyến'!$AA:$AA,Master!$G25,'Chi tiết tuyến'!$W:$W,"x"),"") | AL25: =IF($G25<>"",SUM(Z25,AB25,AD25,AF25,AH25,AJ25),"") | AM25: =IF($G25<>"",SUM(AA25,AC25,AE25,AG25,AI25,AK25),"") | AN25: =IF($G25<>"",COUNTIFS('Chi tiết tuyến'!$AA:$AA,Master!$G25,'Chi tiết tuyến'!L:L,"x",'Chi tiết tuyến'!$X:$X,"x"),"") | AO25: =IF($G25<>"",SUMIFS('Chi tiết tuyến'!$BA:$BA,'Chi tiết tuyến'!$AA:$AA,Master!$G25,'Chi tiết tuyến'!$X:$X,"x"),"") | AP25: =IF($G25<>"",COUNTIFS('Chi tiết tuyến'!$AA:$AA,Master!$G25,'Chi tiết tuyến'!M:M,"x",'Chi tiết tuyến'!$X:$X,"x"),"") | AQ25: =IF($G25<>"",SUMIFS('Chi tiết tuyến'!$BB:$BB,'Chi tiết tuyến'!$AA:$AA,Master!$G25,'Chi tiết tuyến'!$X:$X,"x"),"") | AR25: =IF($G25<>"",COUNTIFS('Chi tiết tuyến'!$AA:$AA,Master!$G25,'Chi tiết tuyến'!N:N,"x",'Chi tiết tuyến'!$X:$X,"x"),"") | AS25: =IF($G25<>"",SUMIFS('Chi tiết tuyến'!$BC:$BC,'Chi tiết tuyến'!$AA:$AA,Master!$G25,'Chi tiết tuyến'!$X:$X,"x"),"") | AT25: =IF($G25<>"",COUNTIFS('Chi tiết tuyến'!$AA:$AA,Master!$G25,'Chi tiết tuyến'!O:O,"x",'Chi tiết tuyến'!$X:$X,"x"),"") | AU25: =IF($G25<>"",SUMIFS('Chi tiết tuyến'!$BD:$BD,'Chi tiết tuyến'!$AA:$AA,Master!$G25,'Chi tiết tuyến'!$X:$X,"x"),"") | AV25: =IF($G25<>"",COUNTIFS('Chi tiết tuyến'!$AA:$AA,Master!$G25,'Chi tiết tuyến'!P:P,"x",'Chi tiết tuyến'!$X:$X,"x"),"") | AW25: =IF($G25<>"",SUMIFS('Chi tiết tuyến'!$BE:$BE,'Chi tiết tuyến'!$AA:$AA,Master!$G25,'Chi tiết tuyến'!$X:$X,"x"),"") | AX25: =IF($G25<>"",COUNTIFS('Chi tiết tuyến'!$AA:$AA,Master!$G25,'Chi tiết tuyến'!Q:Q,"x",'Chi tiết tuyến'!$X:$X,"x"),"") | AY25: =IF($G25<>"",SUMIFS('Chi tiết tuyến'!$BF:$BF,'Chi tiết tuyến'!$AA:$AA,Master!$G25,'Chi tiết tuyến'!$X:$X,"x"),"") | AZ25: =IF($G25<>"",SUM(AN25,AP25,AR25,AT25,AV25,AX25),"") | BA25: =IF($G25<>"",SUM(AO25,AQ25,AS25,AU25,AW25,AY25),"") | BB25: =COUNTIFS('Chi tiết tuyến'!$AA:$AA,Master!$G25,'Chi tiết tuyến'!L:L,"x",'Chi tiết tuyến'!$Y:$Y,"x") -> 0 | BC25: =SUMIFS('Chi tiết tuyến'!$BA:$BA,'Chi tiết tuyến'!$AA:$AA,Master!$G25,'Chi tiết tuyến'!$W:$W,"x") -> 0 | BD25: =COUNTIFS('Chi tiết tuyến'!$AA:$AA,Master!$G25,'Chi tiết tuyến'!M:M,"x",'Chi tiết tuyến'!$Y:$Y,"x") -> 0 | BE25: =SUMIFS('Chi tiết tuyến'!$BB:$BB,'Chi tiết tuyến'!$AA:$AA,Master!$G25,'Chi tiết tuyến'!$W:$W,"x") -> 0 | BF25: =COUNTIFS('Chi tiết tuyến'!$AA:$AA,Master!$G25,'Chi tiết tuyến'!N:N,"x",'Chi tiết tuyến'!$Y:$Y,"x") -> 0 | BG25: =SUMIFS('Chi tiết tuyến'!$BC:$BC,'Chi tiết tuyến'!$AA:$AA,Master!$G25,'Chi tiết tuyến'!$W:$W,"x") -> 0 | BH25: =COUNTIFS('Chi tiết tuyến'!$AA:$AA,Master!$G25,'Chi tiết tuyến'!O:O,"x",'Chi tiết tuyến'!$Y:$Y,"x") -> 0 | BI25: =SUMIFS('Chi tiết tuyến'!$BD:$BD,'Chi tiết tuyến'!$AA:$AA,Master!$G25,'Chi tiết tuyến'!$W:$W,"x") -> 0 | BJ25: =COUNTIFS('Chi tiết tuyến'!$AA:$AA,Master!$G25,'Chi tiết tuyến'!P:P,"x",'Chi tiết tuyến'!$Y:$Y,"x") -> 0 | BK25: =SUMIFS('Chi tiết tuyến'!$BE:$BE,'Chi tiết tuyến'!$AA:$AA,Master!$G25,'Chi tiết tuyến'!$W:$W,"x") -> 0 | BL25: =COUNTIFS('Chi tiết tuyến'!$AA:$AA,Master!$G25,'Chi tiết tuyến'!Q:Q,"x",'Chi tiết tuyến'!$Y:$Y,"x") -> 0 | BM25: =SUMIFS('Chi tiết tuyến'!$BF:$BF,'Chi tiết tuyến'!$AA:$AA,Master!$G25,'Chi tiết tuyến'!$W:$W,"x") -> 0 | BN25: =SUM(BB25,BD25,BF25,BH25,BJ25,BL25) -> 0 | BO25: =SUM(BC25,BE25,BG25,BI25,BK25,BM25) -> 0 | BP25: =COUNTIFS('Chi tiết tuyến'!$AA:$AA,Master!$G25,'Chi tiết tuyến'!L:L,"x",'Chi tiết tuyến'!$Z:$Z,"x") -> 0 | BQ25: =SUMIFS('Chi tiết tuyến'!$BA:$BA,'Chi tiết tuyến'!$AA:$AA,Master!$G25,'Chi tiết tuyến'!$X:$X,"x") -> 0 | BR25: =COUNTIFS('Chi tiết tuyến'!$AA:$AA,Master!$G25,'Chi tiết tuyến'!M:M,"x",'Chi tiết tuyến'!$Z:$Z,"x") -> 0 | BS25: =SUMIFS('Chi tiết tuyến'!$BB:$BB,'Chi tiết tuyến'!$AA:$AA,Master!$G25,'Chi tiết tuyến'!$X:$X,"x") -> 0 | BT25: =COUNTIFS('Chi tiết tuyến'!$AA:$AA,Master!$G25,'Chi tiết tuyến'!N:N,"x",'Chi tiết tuyến'!$Z:$Z,"x") -> 0 | BU25: =SUMIFS('Chi tiết tuyến'!$BC:$BC,'Chi tiết tuyến'!$AA:$AA,Master!$G25,'Chi tiết tuyến'!$X:$X,"x") -> 0 | BV25: =COUNTIFS('Chi tiết tuyến'!$AA:$AA,Master!$G25,'Chi tiết tuyến'!O:O,"x",'Chi tiết tuyến'!$Z:$Z,"x") -> 0 | BW25: =SUMIFS('Chi tiết tuyến'!$BD:$BD,'Chi tiết tuyến'!$AA:$AA,Master!$G25,'Chi tiết tuyến'!$X:$X,"x") -> 0 | BX25: =COUNTIFS('Chi tiết tuyến'!$AA:$AA,Master!$G25,'Chi tiết tuyến'!P:P,"x",'Chi tiết tuyến'!$Z:$Z,"x") -> 0 | BY25: =SUMIFS('Chi tiết tuyến'!$BE:$BE,'Chi tiết tuyến'!$AA:$AA,Master!$G25,'Chi tiết tuyến'!$X:$X,"x") -> 0 | BZ25: =COUNTIFS('Chi tiết tuyến'!$AA:$AA,Master!$G25,'Chi tiết tuyến'!Q:Q,"x",'Chi tiết tuyến'!$Z:$Z,"x") -> 0 | CA25: =SUMIFS('Chi tiết tuyến'!$BF:$BF,'Chi tiết tuyến'!$AA:$AA,Master!$G25,'Chi tiết tuyến'!$X:$X,"x") -> 0 | CB25: =SUM(BP25,BR25,BT25,BV25,BX25,BZ25) -> 0 | CC25: =SUM(BQ25,BS25,BU25,BW25,BY25,CA25) -> 0
F26: =IF(AND(F25>0,G26<>""),F25+1,"") | I26: =IF($G26<>"",SUMIFS('Chi tiết tuyến'!$AE:$AE,'Chi tiết tuyến'!$AD:$AD,Master!I$1,'Chi tiết tuyến'!$AA:$AA,Master!$G26),"") | J26: =IF($G26<>"",SUMIFS('Chi tiết tuyến'!$AE:$AE,'Chi tiết tuyến'!$AD:$AD,Master!J$1,'Chi tiết tuyến'!$AA:$AA,Master!$G26),"") | K26: =IF($G26<>"",SUM(I26:J26),"") | L26: =IF($G26<>"",COUNTIFS('Chi tiết tuyến'!$AA:$AA,Master!$G26,'Chi tiết tuyến'!$AD:$AD,Master!L$1),"") | M26: =IF($G26<>"",COUNTIFS('Chi tiết tuyến'!$AA:$AA,Master!$G26,'Chi tiết tuyến'!$AD:$AD,Master!M$1),"") | N26: =IF($G26<>"",SUM(L26:M26),"") | O26: =IF($G26<>"",VLOOKUP($G26,'Tuyến và nhân viên'!$I:$S,9,0),"") | P26: =IF($G26<>"",VLOOKUP($G26,'Tuyến và nhân viên'!$I:$S,10,0),"") | Q26: =IF($G26<>"",VLOOKUP($G26,'Tuyến và nhân viên'!$I:$S,11,0),"") | R26: =IF($G26<>"",SUMIFS('Chi tiết tuyến'!$AJ:$AJ,'Chi tiết tuyến'!$AA:$AA,Master!$G26),"") | S26: =IF($G26<>"",_xlfn.MINIFS(Z26:CC26,$Z$15:$CC$15,"# KH"),"") | T26: =IF($G26<>"",_xlfn.MAXIFS(Z26:CC26,$Z$15:$CC$15,"# KH"),"") | U26: =IF($G26<>"",COUNTIFS('Chi tiết tuyến'!$AG:$AG,U$2,'Chi tiết tuyến'!$AA:$AA,Master!$G26),"") | V26: =IF($G26<>"",COUNTIFS('Chi tiết tuyến'!$AG:$AG,V$2,'Chi tiết tuyến'!$AA:$AA,Master!$G26),"") | W26: =IF($G26<>"",COUNTIFS('Chi tiết tuyến'!$AG:$AG,W$2,'Chi tiết tuyến'!$AA:$AA,Master!$G26),"") | X26: =IF($G26<>"",COUNTIFS('Chi tiết tuyến'!$AH:$AH,FALSE,'Chi tiết tuyến'!$AA:$AA,Master!$G26),"") | Y26: =IF($G26<>"",COUNTIFS('Chi tiết tuyến'!$AI:$AI,FALSE,'Chi tiết tuyến'!$AA:$AA,Master!$G26),"") | Z26: =IF($G26<>"",COUNTIFS('Chi tiết tuyến'!$AA:$AA,Master!$G26,'Chi tiết tuyến'!L:L,"x",'Chi tiết tuyến'!$W:$W,"x"),"") | AA26: =IF($G26<>"",SUMIFS('Chi tiết tuyến'!$BA:$BA,'Chi tiết tuyến'!$AA:$AA,Master!$G26,'Chi tiết tuyến'!$W:$W,"x"),"") | AB26: =IF($G26<>"",COUNTIFS('Chi tiết tuyến'!$AA:$AA,Master!$G26,'Chi tiết tuyến'!M:M,"x",'Chi tiết tuyến'!$W:$W,"x"),"") | AC26: =IF($G26<>"",SUMIFS('Chi tiết tuyến'!$BB:$BB,'Chi tiết tuyến'!$AA:$AA,Master!$G26,'Chi tiết tuyến'!$W:$W,"x"),"") | AD26: =IF($G26<>"",COUNTIFS('Chi tiết tuyến'!$AA:$AA,Master!$G26,'Chi tiết tuyến'!N:N,"x",'Chi tiết tuyến'!$W:$W,"x"),"") | AE26: =IF($G26<>"",SUMIFS('Chi tiết tuyến'!$BC:$BC,'Chi tiết tuyến'!$AA:$AA,Master!$G26,'Chi tiết tuyến'!$W:$W,"x"),"") | AF26: =IF($G26<>"",COUNTIFS('Chi tiết tuyến'!$AA:$AA,Master!$G26,'Chi tiết tuyến'!O:O,"x",'Chi tiết tuyến'!$W:$W,"x"),"") | AG26: =IF($G26<>"",SUMIFS('Chi tiết tuyến'!$BD:$BD,'Chi tiết tuyến'!$AA:$AA,Master!$G26,'Chi tiết tuyến'!$W:$W,"x"),"") | AH26: =IF($G26<>"",COUNTIFS('Chi tiết tuyến'!$AA:$AA,Master!$G26,'Chi tiết tuyến'!P:P,"x",'Chi tiết tuyến'!$W:$W,"x"),"") | AI26: =IF($G26<>"",SUMIFS('Chi tiết tuyến'!$BE:$BE,'Chi tiết tuyến'!$AA:$AA,Master!$G26,'Chi tiết tuyến'!$W:$W,"x"),"") | AJ26: =IF($G26<>"",COUNTIFS('Chi tiết tuyến'!$AA:$AA,Master!$G26,'Chi tiết tuyến'!Q:Q,"x",'Chi tiết tuyến'!$W:$W,"x"),"") | AK26: =IF($G26<>"",SUMIFS('Chi tiết tuyến'!$BF:$BF,'Chi tiết tuyến'!$AA:$AA,Master!$G26,'Chi tiết tuyến'!$W:$W,"x"),"") | AL26: =IF($G26<>"",SUM(Z26,AB26,AD26,AF26,AH26,AJ26),"") | AM26: =IF($G26<>"",SUM(AA26,AC26,AE26,AG26,AI26,AK26),"") | AN26: =IF($G26<>"",COUNTIFS('Chi tiết tuyến'!$AA:$AA,Master!$G26,'Chi tiết tuyến'!L:L,"x",'Chi tiết tuyến'!$X:$X,"x"),"") | AO26: =IF($G26<>"",SUMIFS('Chi tiết tuyến'!$BA:$BA,'Chi tiết tuyến'!$AA:$AA,Master!$G26,'Chi tiết tuyến'!$X:$X,"x"),"") | AP26: =IF($G26<>"",COUNTIFS('Chi tiết tuyến'!$AA:$AA,Master!$G26,'Chi tiết tuyến'!M:M,"x",'Chi tiết tuyến'!$X:$X,"x"),"") | AQ26: =IF($G26<>"",SUMIFS('Chi tiết tuyến'!$BB:$BB,'Chi tiết tuyến'!$AA:$AA,Master!$G26,'Chi tiết tuyến'!$X:$X,"x"),"") | AR26: =IF($G26<>"",COUNTIFS('Chi tiết tuyến'!$AA:$AA,Master!$G26,'Chi tiết tuyến'!N:N,"x",'Chi tiết tuyến'!$X:$X,"x"),"") | AS26: =IF($G26<>"",SUMIFS('Chi tiết tuyến'!$BC:$BC,'Chi tiết tuyến'!$AA:$AA,Master!$G26,'Chi tiết tuyến'!$X:$X,"x"),"") | AT26: =IF($G26<>"",COUNTIFS('Chi tiết tuyến'!$AA:$AA,Master!$G26,'Chi tiết tuyến'!O:O,"x",'Chi tiết tuyến'!$X:$X,"x"),"") | AU26: =IF($G26<>"",SUMIFS('Chi tiết tuyến'!$BD:$BD,'Chi tiết tuyến'!$AA:$AA,Master!$G26,'Chi tiết tuyến'!$X:$X,"x"),"") | AV26: =IF($G26<>"",COUNTIFS('Chi tiết tuyến'!$AA:$AA,Master!$G26,'Chi tiết tuyến'!P:P,"x",'Chi tiết tuyến'!$X:$X,"x"),"") | AW26: =IF($G26<>"",SUMIFS('Chi tiết tuyến'!$BE:$BE,'Chi tiết tuyến'!$AA:$AA,Master!$G26,'Chi tiết tuyến'!$X:$X,"x"),"") | AX26: =IF($G26<>"",COUNTIFS('Chi tiết tuyến'!$AA:$AA,Master!$G26,'Chi tiết tuyến'!Q:Q,"x",'Chi tiết tuyến'!$X:$X,"x"),"") | AY26: =IF($G26<>"",SUMIFS('Chi tiết tuyến'!$BF:$BF,'Chi tiết tuyến'!$AA:$AA,Master!$G26,'Chi tiết tuyến'!$X:$X,"x"),"") | AZ26: =IF($G26<>"",SUM(AN26,AP26,AR26,AT26,AV26,AX26),"") | BA26: =IF($G26<>"",SUM(AO26,AQ26,AS26,AU26,AW26,AY26),"") | BB26: =COUNTIFS('Chi tiết tuyến'!$AA:$AA,Master!$G26,'Chi tiết tuyến'!L:L,"x",'Chi tiết tuyến'!$Y:$Y,"x") -> 0 | BC26: =SUMIFS('Chi tiết tuyến'!$BA:$BA,'Chi tiết tuyến'!$AA:$AA,Master!$G26,'Chi tiết tuyến'!$W:$W,"x") -> 0 | BD26: =COUNTIFS('Chi tiết tuyến'!$AA:$AA,Master!$G26,'Chi tiết tuyến'!M:M,"x",'Chi tiết tuyến'!$Y:$Y,"x") -> 0 | BE26: =SUMIFS('Chi tiết tuyến'!$BB:$BB,'Chi tiết tuyến'!$AA:$AA,Master!$G26,'Chi tiết tuyến'!$W:$W,"x") -> 0 | BF26: =COUNTIFS('Chi tiết tuyến'!$AA:$AA,Master!$G26,'Chi tiết tuyến'!N:N,"x",'Chi tiết tuyến'!$Y:$Y,"x") -> 0 | BG26: =SUMIFS('Chi tiết tuyến'!$BC:$BC,'Chi tiết tuyến'!$AA:$AA,Master!$G26,'Chi tiết tuyến'!$W:$W,"x") -> 0 | BH26: =COUNTIFS('Chi tiết tuyến'!$AA:$AA,Master!$G26,'Chi tiết tuyến'!O:O,"x",'Chi tiết tuyến'!$Y:$Y,"x") -> 0 | BI26: =SUMIFS('Chi tiết tuyến'!$BD:$BD,'Chi tiết tuyến'!$AA:$AA,Master!$G26,'Chi tiết tuyến'!$W:$W,"x") -> 0 | BJ26: =COUNTIFS('Chi tiết tuyến'!$AA:$AA,Master!$G26,'Chi tiết tuyến'!P:P,"x",'Chi tiết tuyến'!$Y:$Y,"x") -> 0 | BK26: =SUMIFS('Chi tiết tuyến'!$BE:$BE,'Chi tiết tuyến'!$AA:$AA,Master!$G26,'Chi tiết tuyến'!$W:$W,"x") -> 0 | BL26: =COUNTIFS('Chi tiết tuyến'!$AA:$AA,Master!$G26,'Chi tiết tuyến'!Q:Q,"x",'Chi tiết tuyến'!$Y:$Y,"x") -> 0 | BM26: =SUMIFS('Chi tiết tuyến'!$BF:$BF,'Chi tiết tuyến'!$AA:$AA,Master!$G26,'Chi tiết tuyến'!$W:$W,"x") -> 0 | BN26: =SUM(BB26,BD26,BF26,BH26,BJ26,BL26) -> 0 | BO26: =SUM(BC26,BE26,BG26,BI26,BK26,BM26) -> 0 | BP26: =COUNTIFS('Chi tiết tuyến'!$AA:$AA,Master!$G26,'Chi tiết tuyến'!L:L,"x",'Chi tiết tuyến'!$Z:$Z,"x") -> 0 | BQ26: =SUMIFS('Chi tiết tuyến'!$BA:$BA,'Chi tiết tuyến'!$AA:$AA,Master!$G26,'Chi tiết tuyến'!$X:$X,"x") -> 0 | BR26: =COUNTIFS('Chi tiết tuyến'!$AA:$AA,Master!$G26,'Chi tiết tuyến'!M:M,"x",'Chi tiết tuyến'!$Z:$Z,"x") -> 0 | BS26: =SUMIFS('Chi tiết tuyến'!$BB:$BB,'Chi tiết tuyến'!$AA:$AA,Master!$G26,'Chi tiết tuyến'!$X:$X,"x") -> 0 | BT26: =COUNTIFS('Chi tiết tuyến'!$AA:$AA,Master!$G26,'Chi tiết tuyến'!N:N,"x",'Chi tiết tuyến'!$Z:$Z,"x") -> 0 | BU26: =SUMIFS('Chi tiết tuyến'!$BC:$BC,'Chi tiết tuyến'!$AA:$AA,Master!$G26,'Chi tiết tuyến'!$X:$X,"x") -> 0 | BV26: =COUNTIFS('Chi tiết tuyến'!$AA:$AA,Master!$G26,'Chi tiết tuyến'!O:O,"x",'Chi tiết tuyến'!$Z:$Z,"x") -> 0 | BW26: =SUMIFS('Chi tiết tuyến'!$BD:$BD,'Chi tiết tuyến'!$AA:$AA,Master!$G26,'Chi tiết tuyến'!$X:$X,"x") -> 0 | BX26: =COUNTIFS('Chi tiết tuyến'!$AA:$AA,Master!$G26,'Chi tiết tuyến'!P:P,"x",'Chi tiết tuyến'!$Z:$Z,"x") -> 0 | BY26: =SUMIFS('Chi tiết tuyến'!$BE:$BE,'Chi tiết tuyến'!$AA:$AA,Master!$G26,'Chi tiết tuyến'!$X:$X,"x") -> 0 | BZ26: =COUNTIFS('Chi tiết tuyến'!$AA:$AA,Master!$G26,'Chi tiết tuyến'!Q:Q,"x",'Chi tiết tuyến'!$Z:$Z,"x") -> 0 | CA26: =SUMIFS('Chi tiết tuyến'!$BF:$BF,'Chi tiết tuyến'!$AA:$AA,Master!$G26,'Chi tiết tuyến'!$X:$X,"x") -> 0 | CB26: =SUM(BP26,BR26,BT26,BV26,BX26,BZ26) -> 0 | CC26: =SUM(BQ26,BS26,BU26,BW26,BY26,CA26) -> 0
F27: =IF(AND(F26>0,G27<>""),F26+1,"") | I27: =IF($G27<>"",SUMIFS('Chi tiết tuyến'!$AE:$AE,'Chi tiết tuyến'!$AD:$AD,Master!I$1,'Chi tiết tuyến'!$AA:$AA,Master!$G27),"") | J27: =IF($G27<>"",SUMIFS('Chi tiết tuyến'!$AE:$AE,'Chi tiết tuyến'!$AD:$AD,Master!J$1,'Chi tiết tuyến'!$AA:$AA,Master!$G27),"") | K27: =IF($G27<>"",SUM(I27:J27),"") | L27: =IF($G27<>"",COUNTIFS('Chi tiết tuyến'!$AA:$AA,Master!$G27,'Chi tiết tuyến'!$AD:$AD,Master!L$1),"") | M27: =IF($G27<>"",COUNTIFS('Chi tiết tuyến'!$AA:$AA,Master!$G27,'Chi tiết tuyến'!$AD:$AD,Master!M$1),"") | N27: =IF($G27<>"",SUM(L27:M27),"") | O27: =IF($G27<>"",VLOOKUP($G27,'Tuyến và nhân viên'!$I:$S,9,0),"") | P27: =IF($G27<>"",VLOOKUP($G27,'Tuyến và nhân viên'!$I:$S,10,0),"") | Q27: =IF($G27<>"",VLOOKUP($G27,'Tuyến và nhân viên'!$I:$S,11,0),"") | R27: =IF($G27<>"",SUMIFS('Chi tiết tuyến'!$AJ:$AJ,'Chi tiết tuyến'!$AA:$AA,Master!$G27),"") | S27: =IF($G27<>"",_xlfn.MINIFS(Z27:CC27,$Z$15:$CC$15,"# KH"),"") | T27: =IF($G27<>"",_xlfn.MAXIFS(Z27:CC27,$Z$15:$CC$15,"# KH"),"") | U27: =IF($G27<>"",COUNTIFS('Chi tiết tuyến'!$AG:$AG,U$2,'Chi tiết tuyến'!$AA:$AA,Master!$G27),"") | V27: =IF($G27<>"",COUNTIFS('Chi tiết tuyến'!$AG:$AG,V$2,'Chi tiết tuyến'!$AA:$AA,Master!$G27),"") | W27: =IF($G27<>"",COUNTIFS('Chi tiết tuyến'!$AG:$AG,W$2,'Chi tiết tuyến'!$AA:$AA,Master!$G27),"") | X27: =IF($G27<>"",COUNTIFS('Chi tiết tuyến'!$AH:$AH,FALSE,'Chi tiết tuyến'!$AA:$AA,Master!$G27),"") | Y27: =IF($G27<>"",COUNTIFS('Chi tiết tuyến'!$AI:$AI,FALSE,'Chi tiết tuyến'!$AA:$AA,Master!$G27),"") | Z27: =IF($G27<>"",COUNTIFS('Chi tiết tuyến'!$AA:$AA,Master!$G27,'Chi tiết tuyến'!L:L,"x",'Chi tiết tuyến'!$W:$W,"x"),"") | AA27: =IF($G27<>"",SUMIFS('Chi tiết tuyến'!$BA:$BA,'Chi tiết tuyến'!$AA:$AA,Master!$G27,'Chi tiết tuyến'!$W:$W,"x"),"") | AB27: =IF($G27<>"",COUNTIFS('Chi tiết tuyến'!$AA:$AA,Master!$G27,'Chi tiết tuyến'!M:M,"x",'Chi tiết tuyến'!$W:$W,"x"),"") | AC27: =IF($G27<>"",SUMIFS('Chi tiết tuyến'!$BB:$BB,'Chi tiết tuyến'!$AA:$AA,Master!$G27,'Chi tiết tuyến'!$W:$W,"x"),"") | AD27: =IF($G27<>"",COUNTIFS('Chi tiết tuyến'!$AA:$AA,Master!$G27,'Chi tiết tuyến'!N:N,"x",'Chi tiết tuyến'!$W:$W,"x"),"") | AE27: =IF($G27<>"",SUMIFS('Chi tiết tuyến'!$BC:$BC,'Chi tiết tuyến'!$AA:$AA,Master!$G27,'Chi tiết tuyến'!$W:$W,"x"),"") | AF27: =IF($G27<>"",COUNTIFS('Chi tiết tuyến'!$AA:$AA,Master!$G27,'Chi tiết tuyến'!O:O,"x",'Chi tiết tuyến'!$W:$W,"x"),"") | AG27: =IF($G27<>"",SUMIFS('Chi tiết tuyến'!$BD:$BD,'Chi tiết tuyến'!$AA:$AA,Master!$G27,'Chi tiết tuyến'!$W:$W,"x"),"") | AH27: =IF($G27<>"",COUNTIFS('Chi tiết tuyến'!$AA:$AA,Master!$G27,'Chi tiết tuyến'!P:P,"x",'Chi tiết tuyến'!$W:$W,"x"),"") | AI27: =IF($G27<>"",SUMIFS('Chi tiết tuyến'!$BE:$BE,'Chi tiết tuyến'!$AA:$AA,Master!$G27,'Chi tiết tuyến'!$W:$W,"x"),"") | AJ27: =IF($G27<>"",COUNTIFS('Chi tiết tuyến'!$AA:$AA,Master!$G27,'Chi tiết tuyến'!Q:Q,"x",'Chi tiết tuyến'!$W:$W,"x"),"") | AK27: =IF($G27<>"",SUMIFS('Chi tiết tuyến'!$BF:$BF,'Chi tiết tuyến'!$AA:$AA,Master!$G27,'Chi tiết tuyến'!$W:$W,"x"),"") | AL27: =IF($G27<>"",SUM(Z27,AB27,AD27,AF27,AH27,AJ27),"") | AM27: =IF($G27<>"",SUM(AA27,AC27,AE27,AG27,AI27,AK27),"") | AN27: =IF($G27<>"",COUNTIFS('Chi tiết tuyến'!$AA:$AA,Master!$G27,'Chi tiết tuyến'!L:L,"x",'Chi tiết tuyến'!$X:$X,"x"),"") | AO27: =IF($G27<>"",SUMIFS('Chi tiết tuyến'!$BA:$BA,'Chi tiết tuyến'!$AA:$AA,Master!$G27,'Chi tiết tuyến'!$X:$X,"x"),"") | AP27: =IF($G27<>"",COUNTIFS('Chi tiết tuyến'!$AA:$AA,Master!$G27,'Chi tiết tuyến'!M:M,"x",'Chi tiết tuyến'!$X:$X,"x"),"") | AQ27: =IF($G27<>"",SUMIFS('Chi tiết tuyến'!$BB:$BB,'Chi tiết tuyến'!$AA:$AA,Master!$G27,'Chi tiết tuyến'!$X:$X,"x"),"") | AR27: =IF($G27<>"",COUNTIFS('Chi tiết tuyến'!$AA:$AA,Master!$G27,'Chi tiết tuyến'!N:N,"x",'Chi tiết tuyến'!$X:$X,"x"),"") | AS27: =IF($G27<>"",SUMIFS('Chi tiết tuyến'!$BC:$BC,'Chi tiết tuyến'!$AA:$AA,Master!$G27,'Chi tiết tuyến'!$X:$X,"x"),"") | AT27: =IF($G27<>"",COUNTIFS('Chi tiết tuyến'!$AA:$AA,Master!$G27,'Chi tiết tuyến'!O:O,"x",'Chi tiết tuyến'!$X:$X,"x"),"") | AU27: =IF($G27<>"",SUMIFS('Chi tiết tuyến'!$BD:$BD,'Chi tiết tuyến'!$AA:$AA,Master!$G27,'Chi tiết tuyến'!$X:$X,"x"),"") | AV27: =IF($G27<>"",COUNTIFS('Chi tiết tuyến'!$AA:$AA,Master!$G27,'Chi tiết tuyến'!P:P,"x",'Chi tiết tuyến'!$X:$X,"x"),"") | AW27: =IF($G27<>"",SUMIFS('Chi tiết tuyến'!$BE:$BE,'Chi tiết tuyến'!$AA:$AA,Master!$G27,'Chi tiết tuyến'!$X:$X,"x"),"") | AX27: =IF($G27<>"",COUNTIFS('Chi tiết tuyến'!$AA:$AA,Master!$G27,'Chi tiết tuyến'!Q:Q,"x",'Chi tiết tuyến'!$X:$X,"x"),"") | AY27: =IF($G27<>"",SUMIFS('Chi tiết tuyến'!$BF:$BF,'Chi tiết tuyến'!$AA:$AA,Master!$G27,'Chi tiết tuyến'!$X:$X,"x"),"") | AZ27: =IF($G27<>"",SUM(AN27,AP27,AR27,AT27,AV27,AX27),"") | BA27: =IF($G27<>"",SUM(AO27,AQ27,AS27,AU27,AW27,AY27),"") | BB27: =COUNTIFS('Chi tiết tuyến'!$AA:$AA,Master!$G27,'Chi tiết tuyến'!L:L,"x",'Chi tiết tuyến'!$Y:$Y,"x") -> 0 | BC27: =SUMIFS('Chi tiết tuyến'!$BA:$BA,'Chi tiết tuyến'!$AA:$AA,Master!$G27,'Chi tiết tuyến'!$W:$W,"x") -> 0 | BD27: =COUNTIFS('Chi tiết tuyến'!$AA:$AA,Master!$G27,'Chi tiết tuyến'!M:M,"x",'Chi tiết tuyến'!$Y:$Y,"x") -> 0 | BE27: =SUMIFS('Chi tiết tuyến'!$BB:$BB,'Chi tiết tuyến'!$AA:$AA,Master!$G27,'Chi tiết tuyến'!$W:$W,"x") -> 0 | BF27: =COUNTIFS('Chi tiết tuyến'!$AA:$AA,Master!$G27,'Chi tiết tuyến'!N:N,"x",'Chi tiết tuyến'!$Y:$Y,"x") -> 0 | BG27: =SUMIFS('Chi tiết tuyến'!$BC:$BC,'Chi tiết tuyến'!$AA:$AA,Master!$G27,'Chi tiết tuyến'!$W:$W,"x") -> 0 | BH27: =COUNTIFS('Chi tiết tuyến'!$AA:$AA,Master!$G27,'Chi tiết tuyến'!O:O,"x",'Chi tiết tuyến'!$Y:$Y,"x") -> 0 | BI27: =SUMIFS('Chi tiết tuyến'!$BD:$BD,'Chi tiết tuyến'!$AA:$AA,Master!$G27,'Chi tiết tuyến'!$W:$W,"x") -> 0 | BJ27: =COUNTIFS('Chi tiết tuyến'!$AA:$AA,Master!$G27,'Chi tiết tuyến'!P:P,"x",'Chi tiết tuyến'!$Y:$Y,"x") -> 0 | BK27: =SUMIFS('Chi tiết tuyến'!$BE:$BE,'Chi tiết tuyến'!$AA:$AA,Master!$G27,'Chi tiết tuyến'!$W:$W,"x") -> 0 | BL27: =COUNTIFS('Chi tiết tuyến'!$AA:$AA,Master!$G27,'Chi tiết tuyến'!Q:Q,"x",'Chi tiết tuyến'!$Y:$Y,"x") -> 0 | BM27: =SUMIFS('Chi tiết tuyến'!$BF:$BF,'Chi tiết tuyến'!$AA:$AA,Master!$G27,'Chi tiết tuyến'!$W:$W,"x") -> 0 | BN27: =SUM(BB27,BD27,BF27,BH27,BJ27,BL27) -> 0 | BO27: =SUM(BC27,BE27,BG27,BI27,BK27,BM27) -> 0 | BP27: =COUNTIFS('Chi tiết tuyến'!$AA:$AA,Master!$G27,'Chi tiết tuyến'!L:L,"x",'Chi tiết tuyến'!$Z:$Z,"x") -> 0 | BQ27: =SUMIFS('Chi tiết tuyến'!$BA:$BA,'Chi tiết tuyến'!$AA:$AA,Master!$G27,'Chi tiết tuyến'!$X:$X,"x") -> 0 | BR27: =COUNTIFS('Chi tiết tuyến'!$AA:$AA,Master!$G27,'Chi tiết tuyến'!M:M,"x",'Chi tiết tuyến'!$Z:$Z,"x") -> 0 | BS27: =SUMIFS('Chi tiết tuyến'!$BB:$BB,'Chi tiết tuyến'!$AA:$AA,Master!$G27,'Chi tiết tuyến'!$X:$X,"x") -> 0 | BT27: =COUNTIFS('Chi tiết tuyến'!$AA:$AA,Master!$G27,'Chi tiết tuyến'!N:N,"x",'Chi tiết tuyến'!$Z:$Z,"x") -> 0 | BU27: =SUMIFS('Chi tiết tuyến'!$BC:$BC,'Chi tiết tuyến'!$AA:$AA,Master!$G27,'Chi tiết tuyến'!$X:$X,"x") -> 0 | BV27: =COUNTIFS('Chi tiết tuyến'!$AA:$AA,Master!$G27,'Chi tiết tuyến'!O:O,"x",'Chi tiết tuyến'!$Z:$Z,"x") -> 0 | BW27: =SUMIFS('Chi tiết tuyến'!$BD:$BD,'Chi tiết tuyến'!$AA:$AA,Master!$G27,'Chi tiết tuyến'!$X:$X,"x") -> 0 | BX27: =COUNTIFS('Chi tiết tuyến'!$AA:$AA,Master!$G27,'Chi tiết tuyến'!P:P,"x",'Chi tiết tuyến'!$Z:$Z,"x") -> 0 | BY27: =SUMIFS('Chi tiết tuyến'!$BE:$BE,'Chi tiết tuyến'!$AA:$AA,Master!$G27,'Chi tiết tuyến'!$X:$X,"x") -> 0 | BZ27: =COUNTIFS('Chi tiết tuyến'!$AA:$AA,Master!$G27,'Chi tiết tuyến'!Q:Q,"x",'Chi tiết tuyến'!$Z:$Z,"x") -> 0 | CA27: =SUMIFS('Chi tiết tuyến'!$BF:$BF,'Chi tiết tuyến'!$AA:$AA,Master!$G27,'Chi tiết tuyến'!$X:$X,"x") -> 0 | CB27: =SUM(BP27,BR27,BT27,BV27,BX27,BZ27) -> 0 | CC27: =SUM(BQ27,BS27,BU27,BW27,BY27,CA27) -> 0
F28: =IF(AND(F27>0,G28<>""),F27+1,"") | I28: =IF($G28<>"",SUMIFS('Chi tiết tuyến'!$AE:$AE,'Chi tiết tuyến'!$AD:$AD,Master!I$1,'Chi tiết tuyến'!$AA:$AA,Master!$G28),"") | J28: =IF($G28<>"",SUMIFS('Chi tiết tuyến'!$AE:$AE,'Chi tiết tuyến'!$AD:$AD,Master!J$1,'Chi tiết tuyến'!$AA:$AA,Master!$G28),"") | K28: =IF($G28<>"",SUM(I28:J28),"") | L28: =IF($G28<>"",COUNTIFS('Chi tiết tuyến'!$AA:$AA,Master!$G28,'Chi tiết tuyến'!$AD:$AD,Master!L$1),"") | M28: =IF($G28<>"",COUNTIFS('Chi tiết tuyến'!$AA:$AA,Master!$G28,'Chi tiết tuyến'!$AD:$AD,Master!M$1),"") | N28: =IF($G28<>"",SUM(L28:M28),"") | O28: =IF($G28<>"",VLOOKUP($G28,'Tuyến và nhân viên'!$I:$S,9,0),"") | P28: =IF($G28<>"",VLOOKUP($G28,'Tuyến và nhân viên'!$I:$S,10,0),"") | Q28: =IF($G28<>"",VLOOKUP($G28,'Tuyến và nhân viên'!$I:$S,11,0),"") | R28: =IF($G28<>"",SUMIFS('Chi tiết tuyến'!$AJ:$AJ,'Chi tiết tuyến'!$AA:$AA,Master!$G28),"") | S28: =IF($G28<>"",_xlfn.MINIFS(Z28:CC28,$Z$15:$CC$15,"# KH"),"") | T28: =IF($G28<>"",_xlfn.MAXIFS(Z28:CC28,$Z$15:$CC$15,"# KH"),"") | U28: =IF($G28<>"",COUNTIFS('Chi tiết tuyến'!$AG:$AG,U$2,'Chi tiết tuyến'!$AA:$AA,Master!$G28),"") | V28: =IF($G28<>"",COUNTIFS('Chi tiết tuyến'!$AG:$AG,V$2,'Chi tiết tuyến'!$AA:$AA,Master!$G28),"") | W28: =IF($G28<>"",COUNTIFS('Chi tiết tuyến'!$AG:$AG,W$2,'Chi tiết tuyến'!$AA:$AA,Master!$G28),"") | X28: =IF($G28<>"",COUNTIFS('Chi tiết tuyến'!$AH:$AH,FALSE,'Chi tiết tuyến'!$AA:$AA,Master!$G28),"") | Y28: =IF($G28<>"",COUNTIFS('Chi tiết tuyến'!$AI:$AI,FALSE,'Chi tiết tuyến'!$AA:$AA,Master!$G28),"") | Z28: =IF($G28<>"",COUNTIFS('Chi tiết tuyến'!$AA:$AA,Master!$G28,'Chi tiết tuyến'!L:L,"x",'Chi tiết tuyến'!$W:$W,"x"),"") | AA28: =IF($G28<>"",SUMIFS('Chi tiết tuyến'!$BA:$BA,'Chi tiết tuyến'!$AA:$AA,Master!$G28,'Chi tiết tuyến'!$W:$W,"x"),"") | AB28: =IF($G28<>"",COUNTIFS('Chi tiết tuyến'!$AA:$AA,Master!$G28,'Chi tiết tuyến'!M:M,"x",'Chi tiết tuyến'!$W:$W,"x"),"") | AC28: =IF($G28<>"",SUMIFS('Chi tiết tuyến'!$BB:$BB,'Chi tiết tuyến'!$AA:$AA,Master!$G28,'Chi tiết tuyến'!$W:$W,"x"),"") | AD28: =IF($G28<>"",COUNTIFS('Chi tiết tuyến'!$AA:$AA,Master!$G28,'Chi tiết tuyến'!N:N,"x",'Chi tiết tuyến'!$W:$W,"x"),"") | AE28: =IF($G28<>"",SUMIFS('Chi tiết tuyến'!$BC:$BC,'Chi tiết tuyến'!$AA:$AA,Master!$G28,'Chi tiết tuyến'!$W:$W,"x"),"") | AF28: =IF($G28<>"",COUNTIFS('Chi tiết tuyến'!$AA:$AA,Master!$G28,'Chi tiết tuyến'!O:O,"x",'Chi tiết tuyến'!$W:$W,"x"),"") | AG28: =IF($G28<>"",SUMIFS('Chi tiết tuyến'!$BD:$BD,'Chi tiết tuyến'!$AA:$AA,Master!$G28,'Chi tiết tuyến'!$W:$W,"x"),"") | AH28: =IF($G28<>"",COUNTIFS('Chi tiết tuyến'!$AA:$AA,Master!$G28,'Chi tiết tuyến'!P:P,"x",'Chi tiết tuyến'!$W:$W,"x"),"") | AI28: =IF($G28<>"",SUMIFS('Chi tiết tuyến'!$BE:$BE,'Chi tiết tuyến'!$AA:$AA,Master!$G28,'Chi tiết tuyến'!$W:$W,"x"),"") | AJ28: =IF($G28<>"",COUNTIFS('Chi tiết tuyến'!$AA:$AA,Master!$G28,'Chi tiết tuyến'!Q:Q,"x",'Chi tiết tuyến'!$W:$W,"x"),"") | AK28: =IF($G28<>"",SUMIFS('Chi tiết tuyến'!$BF:$BF,'Chi tiết tuyến'!$AA:$AA,Master!$G28,'Chi tiết tuyến'!$W:$W,"x"),"") | AL28: =IF($G28<>"",SUM(Z28,AB28,AD28,AF28,AH28,AJ28),"") | AM28: =IF($G28<>"",SUM(AA28,AC28,AE28,AG28,AI28,AK28),"") | AN28: =IF($G28<>"",COUNTIFS('Chi tiết tuyến'!$AA:$AA,Master!$G28,'Chi tiết tuyến'!L:L,"x",'Chi tiết tuyến'!$X:$X,"x"),"") | AO28: =IF($G28<>"",SUMIFS('Chi tiết tuyến'!$BA:$BA,'Chi tiết tuyến'!$AA:$AA,Master!$G28,'Chi tiết tuyến'!$X:$X,"x"),"") | AP28: =IF($G28<>"",COUNTIFS('Chi tiết tuyến'!$AA:$AA,Master!$G28,'Chi tiết tuyến'!M:M,"x",'Chi tiết tuyến'!$X:$X,"x"),"") | AQ28: =IF($G28<>"",SUMIFS('Chi tiết tuyến'!$BB:$BB,'Chi tiết tuyến'!$AA:$AA,Master!$G28,'Chi tiết tuyến'!$X:$X,"x"),"") | AR28: =IF($G28<>"",COUNTIFS('Chi tiết tuyến'!$AA:$AA,Master!$G28,'Chi tiết tuyến'!N:N,"x",'Chi tiết tuyến'!$X:$X,"x"),"") | AS28: =IF($G28<>"",SUMIFS('Chi tiết tuyến'!$BC:$BC,'Chi tiết tuyến'!$AA:$AA,Master!$G28,'Chi tiết tuyến'!$X:$X,"x"),"") | AT28: =IF($G28<>"",COUNTIFS('Chi tiết tuyến'!$AA:$AA,Master!$G28,'Chi tiết tuyến'!O:O,"x",'Chi tiết tuyến'!$X:$X,"x"),"") | AU28: =IF($G28<>"",SUMIFS('Chi tiết tuyến'!$BD:$BD,'Chi tiết tuyến'!$AA:$AA,Master!$G28,'Chi tiết tuyến'!$X:$X,"x"),"") | AV28: =IF($G28<>"",COUNTIFS('Chi tiết tuyến'!$AA:$AA,Master!$G28,'Chi tiết tuyến'!P:P,"x",'Chi tiết tuyến'!$X:$X,"x"),"") | AW28: =IF($G28<>"",SUMIFS('Chi tiết tuyến'!$BE:$BE,'Chi tiết tuyến'!$AA:$AA,Master!$G28,'Chi tiết tuyến'!$X:$X,"x"),"") | AX28: =IF($G28<>"",COUNTIFS('Chi tiết tuyến'!$AA:$AA,Master!$G28,'Chi tiết tuyến'!Q:Q,"x",'Chi tiết tuyến'!$X:$X,"x"),"") | AY28: =IF($G28<>"",SUMIFS('Chi tiết tuyến'!$BF:$BF,'Chi tiết tuyến'!$AA:$AA,Master!$G28,'Chi tiết tuyến'!$X:$X,"x"),"") | AZ28: =IF($G28<>"",SUM(AN28,AP28,AR28,AT28,AV28,AX28),"") | BA28: =IF($G28<>"",SUM(AO28,AQ28,AS28,AU28,AW28,AY28),"") | BB28: =COUNTIFS('Chi tiết tuyến'!$AA:$AA,Master!$G28,'Chi tiết tuyến'!L:L,"x",'Chi tiết tuyến'!$Y:$Y,"x") -> 0 | BC28: =SUMIFS('Chi tiết tuyến'!$BA:$BA,'Chi tiết tuyến'!$AA:$AA,Master!$G28,'Chi tiết tuyến'!$W:$W,"x") -> 0 | BD28: =COUNTIFS('Chi tiết tuyến'!$AA:$AA,Master!$G28,'Chi tiết tuyến'!M:M,"x",'Chi tiết tuyến'!$Y:$Y,"x") -> 0 | BE28: =SUMIFS('Chi tiết tuyến'!$BB:$BB,'Chi tiết tuyến'!$AA:$AA,Master!$G28,'Chi tiết tuyến'!$W:$W,"x") -> 0 | BF28: =COUNTIFS('Chi tiết tuyến'!$AA:$AA,Master!$G28,'Chi tiết tuyến'!N:N,"x",'Chi tiết tuyến'!$Y:$Y,"x") -> 0 | BG28: =SUMIFS('Chi tiết tuyến'!$BC:$BC,'Chi tiết tuyến'!$AA:$AA,Master!$G28,'Chi tiết tuyến'!$W:$W,"x") -> 0 | BH28: =COUNTIFS('Chi tiết tuyến'!$AA:$AA,Master!$G28,'Chi tiết tuyến'!O:O,"x",'Chi tiết tuyến'!$Y:$Y,"x") -> 0 | BI28: =SUMIFS('Chi tiết tuyến'!$BD:$BD,'Chi tiết tuyến'!$AA:$AA,Master!$G28,'Chi tiết tuyến'!$W:$W,"x") -> 0 | BJ28: =COUNTIFS('Chi tiết tuyến'!$AA:$AA,Master!$G28,'Chi tiết tuyến'!P:P,"x",'Chi tiết tuyến'!$Y:$Y,"x") -> 0 | BK28: =SUMIFS('Chi tiết tuyến'!$BE:$BE,'Chi tiết tuyến'!$AA:$AA,Master!$G28,'Chi tiết tuyến'!$W:$W,"x") -> 0 | BL28: =COUNTIFS('Chi tiết tuyến'!$AA:$AA,Master!$G28,'Chi tiết tuyến'!Q:Q,"x",'Chi tiết tuyến'!$Y:$Y,"x") -> 0 | BM28: =SUMIFS('Chi tiết tuyến'!$BF:$BF,'Chi tiết tuyến'!$AA:$AA,Master!$G28,'Chi tiết tuyến'!$W:$W,"x") -> 0 | BN28: =SUM(BB28,BD28,BF28,BH28,BJ28,BL28) -> 0 | BO28: =SUM(BC28,BE28,BG28,BI28,BK28,BM28) -> 0 | BP28: =COUNTIFS('Chi tiết tuyến'!$AA:$AA,Master!$G28,'Chi tiết tuyến'!L:L,"x",'Chi tiết tuyến'!$Z:$Z,"x") -> 0 | BQ28: =SUMIFS('Chi tiết tuyến'!$BA:$BA,'Chi tiết tuyến'!$AA:$AA,Master!$G28,'Chi tiết tuyến'!$X:$X,"x") -> 0 | BR28: =COUNTIFS('Chi tiết tuyến'!$AA:$AA,Master!$G28,'Chi tiết tuyến'!M:M,"x",'Chi tiết tuyến'!$Z:$Z,"x") -> 0 | BS28: =SUMIFS('Chi tiết tuyến'!$BB:$BB,'Chi tiết tuyến'!$AA:$AA,Master!$G28,'Chi tiết tuyến'!$X:$X,"x") -> 0 | BT28: =COUNTIFS('Chi tiết tuyến'!$AA:$AA,Master!$G28,'Chi tiết tuyến'!N:N,"x",'Chi tiết tuyến'!$Z:$Z,"x") -> 0 | BU28: =SUMIFS('Chi tiết tuyến'!$BC:$BC,'Chi tiết tuyến'!$AA:$AA,Master!$G28,'Chi tiết tuyến'!$X:$X,"x") -> 0 | BV28: =COUNTIFS('Chi tiết tuyến'!$AA:$AA,Master!$G28,'Chi tiết tuyến'!O:O,"x",'Chi tiết tuyến'!$Z:$Z,"x") -> 0 | BW28: =SUMIFS('Chi tiết tuyến'!$BD:$BD,'Chi tiết tuyến'!$AA:$AA,Master!$G28,'Chi tiết tuyến'!$X:$X,"x") -> 0 | BX28: =COUNTIFS('Chi tiết tuyến'!$AA:$AA,Master!$G28,'Chi tiết tuyến'!P:P,"x",'Chi tiết tuyến'!$Z:$Z,"x") -> 0 | BY28: =SUMIFS('Chi tiết tuyến'!$BE:$BE,'Chi tiết tuyến'!$AA:$AA,Master!$G28,'Chi tiết tuyến'!$X:$X,"x") -> 0 | BZ28: =COUNTIFS('Chi tiết tuyến'!$AA:$AA,Master!$G28,'Chi tiết tuyến'!Q:Q,"x",'Chi tiết tuyến'!$Z:$Z,"x") -> 0 | CA28: =SUMIFS('Chi tiết tuyến'!$BF:$BF,'Chi tiết tuyến'!$AA:$AA,Master!$G28,'Chi tiết tuyến'!$X:$X,"x") -> 0 | CB28: =SUM(BP28,BR28,BT28,BV28,BX28,BZ28) -> 0 | CC28: =SUM(BQ28,BS28,BU28,BW28,BY28,CA28) -> 0
F29: =IF(AND(F28>0,G29<>""),F28+1,"") | I29: =IF($G29<>"",SUMIFS('Chi tiết tuyến'!$AE:$AE,'Chi tiết tuyến'!$AD:$AD,Master!I$1,'Chi tiết tuyến'!$AA:$AA,Master!$G29),"") | J29: =IF($G29<>"",SUMIFS('Chi tiết tuyến'!$AE:$AE,'Chi tiết tuyến'!$AD:$AD,Master!J$1,'Chi tiết tuyến'!$AA:$AA,Master!$G29),"") | K29: =IF($G29<>"",SUM(I29:J29),"") | L29: =IF($G29<>"",COUNTIFS('Chi tiết tuyến'!$AA:$AA,Master!$G29,'Chi tiết tuyến'!$AD:$AD,Master!L$1),"") | M29: =IF($G29<>"",COUNTIFS('Chi tiết tuyến'!$AA:$AA,Master!$G29,'Chi tiết tuyến'!$AD:$AD,Master!M$1),"") | N29: =IF($G29<>"",SUM(L29:M29),"") | O29: =IF($G29<>"",VLOOKUP($G29,'Tuyến và nhân viên'!$I:$S,9,0),"") | P29: =IF($G29<>"",VLOOKUP($G29,'Tuyến và nhân viên'!$I:$S,10,0),"") | Q29: =IF($G29<>"",VLOOKUP($G29,'Tuyến và nhân viên'!$I:$S,11,0),"") | R29: =IF($G29<>"",SUMIFS('Chi tiết tuyến'!$AJ:$AJ,'Chi tiết tuyến'!$AA:$AA,Master!$G29),"") | S29: =IF($G29<>"",_xlfn.MINIFS(Z29:CC29,$Z$15:$CC$15,"# KH"),"") | T29: =IF($G29<>"",_xlfn.MAXIFS(Z29:CC29,$Z$15:$CC$15,"# KH"),"") | U29: =IF($G29<>"",COUNTIFS('Chi tiết tuyến'!$AG:$AG,U$2,'Chi tiết tuyến'!$AA:$AA,Master!$G29),"") | V29: =IF($G29<>"",COUNTIFS('Chi tiết tuyến'!$AG:$AG,V$2,'Chi tiết tuyến'!$AA:$AA,Master!$G29),"") | W29: =IF($G29<>"",COUNTIFS('Chi tiết tuyến'!$AG:$AG,W$2,'Chi tiết tuyến'!$AA:$AA,Master!$G29),"") | X29: =IF($G29<>"",COUNTIFS('Chi tiết tuyến'!$AH:$AH,FALSE,'Chi tiết tuyến'!$AA:$AA,Master!$G29),"") | Y29: =IF($G29<>"",COUNTIFS('Chi tiết tuyến'!$AI:$AI,FALSE,'Chi tiết tuyến'!$AA:$AA,Master!$G29),"") | Z29: =IF($G29<>"",COUNTIFS('Chi tiết tuyến'!$AA:$AA,Master!$G29,'Chi tiết tuyến'!L:L,"x",'Chi tiết tuyến'!$W:$W,"x"),"") | AA29: =IF($G29<>"",SUMIFS('Chi tiết tuyến'!$BA:$BA,'Chi tiết tuyến'!$AA:$AA,Master!$G29,'Chi tiết tuyến'!$W:$W,"x"),"") | AB29: =IF($G29<>"",COUNTIFS('Chi tiết tuyến'!$AA:$AA,Master!$G29,'Chi tiết tuyến'!M:M,"x",'Chi tiết tuyến'!$W:$W,"x"),"") | AC29: =IF($G29<>"",SUMIFS('Chi tiết tuyến'!$BB:$BB,'Chi tiết tuyến'!$AA:$AA,Master!$G29,'Chi tiết tuyến'!$W:$W,"x"),"") | AD29: =IF($G29<>"",COUNTIFS('Chi tiết tuyến'!$AA:$AA,Master!$G29,'Chi tiết tuyến'!N:N,"x",'Chi tiết tuyến'!$W:$W,"x"),"") | AE29: =IF($G29<>"",SUMIFS('Chi tiết tuyến'!$BC:$BC,'Chi tiết tuyến'!$AA:$AA,Master!$G29,'Chi tiết tuyến'!$W:$W,"x"),"") | AF29: =IF($G29<>"",COUNTIFS('Chi tiết tuyến'!$AA:$AA,Master!$G29,'Chi tiết tuyến'!O:O,"x",'Chi tiết tuyến'!$W:$W,"x"),"") | AG29: =IF($G29<>"",SUMIFS('Chi tiết tuyến'!$BD:$BD,'Chi tiết tuyến'!$AA:$AA,Master!$G29,'Chi tiết tuyến'!$W:$W,"x"),"") | AH29: =IF($G29<>"",COUNTIFS('Chi tiết tuyến'!$AA:$AA,Master!$G29,'Chi tiết tuyến'!P:P,"x",'Chi tiết tuyến'!$W:$W,"x"),"") | AI29: =IF($G29<>"",SUMIFS('Chi tiết tuyến'!$BE:$BE,'Chi tiết tuyến'!$AA:$AA,Master!$G29,'Chi tiết tuyến'!$W:$W,"x"),"") | AJ29: =IF($G29<>"",COUNTIFS('Chi tiết tuyến'!$AA:$AA,Master!$G29,'Chi tiết tuyến'!Q:Q,"x",'Chi tiết tuyến'!$W:$W,"x"),"") | AK29: =IF($G29<>"",SUMIFS('Chi tiết tuyến'!$BF:$BF,'Chi tiết tuyến'!$AA:$AA,Master!$G29,'Chi tiết tuyến'!$W:$W,"x"),"") | AL29: =IF($G29<>"",SUM(Z29,AB29,AD29,AF29,AH29,AJ29),"") | AM29: =IF($G29<>"",SUM(AA29,AC29,AE29,AG29,AI29,AK29),"") | AN29: =IF($G29<>"",COUNTIFS('Chi tiết tuyến'!$AA:$AA,Master!$G29,'Chi tiết tuyến'!L:L,"x",'Chi tiết tuyến'!$X:$X,"x"),"") | AO29: =IF($G29<>"",SUMIFS('Chi tiết tuyến'!$BA:$BA,'Chi tiết tuyến'!$AA:$AA,Master!$G29,'Chi tiết tuyến'!$X:$X,"x"),"") | AP29: =IF($G29<>"",COUNTIFS('Chi tiết tuyến'!$AA:$AA,Master!$G29,'Chi tiết tuyến'!M:M,"x",'Chi tiết tuyến'!$X:$X,"x"),"") | AQ29: =IF($G29<>"",SUMIFS('Chi tiết tuyến'!$BB:$BB,'Chi tiết tuyến'!$AA:$AA,Master!$G29,'Chi tiết tuyến'!$X:$X,"x"),"") | AR29: =IF($G29<>"",COUNTIFS('Chi tiết tuyến'!$AA:$AA,Master!$G29,'Chi tiết tuyến'!N:N,"x",'Chi tiết tuyến'!$X:$X,"x"),"") | AS29: =IF($G29<>"",SUMIFS('Chi tiết tuyến'!$BC:$BC,'Chi tiết tuyến'!$AA:$AA,Master!$G29,'Chi tiết tuyến'!$X:$X,"x"),"") | AT29: =IF($G29<>"",COUNTIFS('Chi tiết tuyến'!$AA:$AA,Master!$G29,'Chi tiết tuyến'!O:O,"x",'Chi tiết tuyến'!$X:$X,"x"),"") | AU29: =IF($G29<>"",SUMIFS('Chi tiết tuyến'!$BD:$BD,'Chi tiết tuyến'!$AA:$AA,Master!$G29,'Chi tiết tuyến'!$X:$X,"x"),"") | AV29: =IF($G29<>"",COUNTIFS('Chi tiết tuyến'!$AA:$AA,Master!$G29,'Chi tiết tuyến'!P:P,"x",'Chi tiết tuyến'!$X:$X,"x"),"") | AW29: =IF($G29<>"",SUMIFS('Chi tiết tuyến'!$BE:$BE,'Chi tiết tuyến'!$AA:$AA,Master!$G29,'Chi tiết tuyến'!$X:$X,"x"),"") | AX29: =IF($G29<>"",COUNTIFS('Chi tiết tuyến'!$AA:$AA,Master!$G29,'Chi tiết tuyến'!Q:Q,"x",'Chi tiết tuyến'!$X:$X,"x"),"") | AY29: =IF($G29<>"",SUMIFS('Chi tiết tuyến'!$BF:$BF,'Chi tiết tuyến'!$AA:$AA,Master!$G29,'Chi tiết tuyến'!$X:$X,"x"),"") | AZ29: =IF($G29<>"",SUM(AN29,AP29,AR29,AT29,AV29,AX29),"") | BA29: =IF($G29<>"",SUM(AO29,AQ29,AS29,AU29,AW29,AY29),"") | BB29: =COUNTIFS('Chi tiết tuyến'!$AA:$AA,Master!$G29,'Chi tiết tuyến'!L:L,"x",'Chi tiết tuyến'!$Y:$Y,"x") -> 0 | BC29: =SUMIFS('Chi tiết tuyến'!$BA:$BA,'Chi tiết tuyến'!$AA:$AA,Master!$G29,'Chi tiết tuyến'!$W:$W,"x") -> 0 | BD29: =COUNTIFS('Chi tiết tuyến'!$AA:$AA,Master!$G29,'Chi tiết tuyến'!M:M,"x",'Chi tiết tuyến'!$Y:$Y,"x") -> 0 | BE29: =SUMIFS('Chi tiết tuyến'!$BB:$BB,'Chi tiết tuyến'!$AA:$AA,Master!$G29,'Chi tiết tuyến'!$W:$W,"x") -> 0 | BF29: =COUNTIFS('Chi tiết tuyến'!$AA:$AA,Master!$G29,'Chi tiết tuyến'!N:N,"x",'Chi tiết tuyến'!$Y:$Y,"x") -> 0 | BG29: =SUMIFS('Chi tiết tuyến'!$BC:$BC,'Chi tiết tuyến'!$AA:$AA,Master!$G29,'Chi tiết tuyến'!$W:$W,"x") -> 0 | BH29: =COUNTIFS('Chi tiết tuyến'!$AA:$AA,Master!$G29,'Chi tiết tuyến'!O:O,"x",'Chi tiết tuyến'!$Y:$Y,"x") -> 0 | BI29: =SUMIFS('Chi tiết tuyến'!$BD:$BD,'Chi tiết tuyến'!$AA:$AA,Master!$G29,'Chi tiết tuyến'!$W:$W,"x") -> 0 | BJ29: =COUNTIFS('Chi tiết tuyến'!$AA:$AA,Master!$G29,'Chi tiết tuyến'!P:P,"x",'Chi tiết tuyến'!$Y:$Y,"x") -> 0 | BK29: =SUMIFS('Chi tiết tuyến'!$BE:$BE,'Chi tiết tuyến'!$AA:$AA,Master!$G29,'Chi tiết tuyến'!$W:$W,"x") -> 0 | BL29: =COUNTIFS('Chi tiết tuyến'!$AA:$AA,Master!$G29,'Chi tiết tuyến'!Q:Q,"x",'Chi tiết tuyến'!$Y:$Y,"x") -> 0 | BM29: =SUMIFS('Chi tiết tuyến'!$BF:$BF,'Chi tiết tuyến'!$AA:$AA,Master!$G29,'Chi tiết tuyến'!$W:$W,"x") -> 0 | BN29: =SUM(BB29,BD29,BF29,BH29,BJ29,BL29) -> 0 | BO29: =SUM(BC29,BE29,BG29,BI29,BK29,BM29) -> 0 | BP29: =COUNTIFS('Chi tiết tuyến'!$AA:$AA,Master!$G29,'Chi tiết tuyến'!L:L,"x",'Chi tiết tuyến'!$Z:$Z,"x") -> 0 | BQ29: =SUMIFS('Chi tiết tuyến'!$BA:$BA,'Chi tiết tuyến'!$AA:$AA,Master!$G29,'Chi tiết tuyến'!$X:$X,"x") -> 0 | BR29: =COUNTIFS('Chi tiết tuyến'!$AA:$AA,Master!$G29,'Chi tiết tuyến'!M:M,"x",'Chi tiết tuyến'!$Z:$Z,"x") -> 0 | BS29: =SUMIFS('Chi tiết tuyến'!$BB:$BB,'Chi tiết tuyến'!$AA:$AA,Master!$G29,'Chi tiết tuyến'!$X:$X,"x") -> 0 | BT29: =COUNTIFS('Chi tiết tuyến'!$AA:$AA,Master!$G29,'Chi tiết tuyến'!N:N,"x",'Chi tiết tuyến'!$Z:$Z,"x") -> 0 | BU29: =SUMIFS('Chi tiết tuyến'!$BC:$BC,'Chi tiết tuyến'!$AA:$AA,Master!$G29,'Chi tiết tuyến'!$X:$X,"x") -> 0 | BV29: =COUNTIFS('Chi tiết tuyến'!$AA:$AA,Master!$G29,'Chi tiết tuyến'!O:O,"x",'Chi tiết tuyến'!$Z:$Z,"x") -> 0 | BW29: =SUMIFS('Chi tiết tuyến'!$BD:$BD,'Chi tiết tuyến'!$AA:$AA,Master!$G29,'Chi tiết tuyến'!$X:$X,"x") -> 0 | BX29: =COUNTIFS('Chi tiết tuyến'!$AA:$AA,Master!$G29,'Chi tiết tuyến'!P:P,"x",'Chi tiết tuyến'!$Z:$Z,"x") -> 0 | BY29: =SUMIFS('Chi tiết tuyến'!$BE:$BE,'Chi tiết tuyến'!$AA:$AA,Master!$G29,'Chi tiết tuyến'!$X:$X,"x") -> 0 | BZ29: =COUNTIFS('Chi tiết tuyến'!$AA:$AA,Master!$G29,'Chi tiết tuyến'!Q:Q,"x",'Chi tiết tuyến'!$Z:$Z,"x") -> 0 | CA29: =SUMIFS('Chi tiết tuyến'!$BF:$BF,'Chi tiết tuyến'!$AA:$AA,Master!$G29,'Chi tiết tuyến'!$X:$X,"x") -> 0 | CB29: =SUM(BP29,BR29,BT29,BV29,BX29,BZ29) -> 0 | CC29: =SUM(BQ29,BS29,BU29,BW29,BY29,CA29) -> 0
F30: =IF(AND(F29>0,G30<>""),F29+1,"") | I30: =IF($G30<>"",SUMIFS('Chi tiết tuyến'!$AE:$AE,'Chi tiết tuyến'!$AD:$AD,Master!I$1,'Chi tiết tuyến'!$AA:$AA,Master!$G30),"") | J30: =IF($G30<>"",SUMIFS('Chi tiết tuyến'!$AE:$AE,'Chi tiết tuyến'!$AD:$AD,Master!J$1,'Chi tiết tuyến'!$AA:$AA,Master!$G30),"") | K30: =IF($G30<>"",SUM(I30:J30),"") | L30: =IF($G30<>"",COUNTIFS('Chi tiết tuyến'!$AA:$AA,Master!$G30,'Chi tiết tuyến'!$AD:$AD,Master!L$1),"") | M30: =IF($G30<>"",COUNTIFS('Chi tiết tuyến'!$AA:$AA,Master!$G30,'Chi tiết tuyến'!$AD:$AD,Master!M$1),"") | N30: =IF($G30<>"",SUM(L30:M30),"") | O30: =IF($G30<>"",VLOOKUP($G30,'Tuyến và nhân viên'!$I:$S,9,0),"") | P30: =IF($G30<>"",VLOOKUP($G30,'Tuyến và nhân viên'!$I:$S,10,0),"") | Q30: =IF($G30<>"",VLOOKUP($G30,'Tuyến và nhân viên'!$I:$S,11,0),"") | R30: =IF($G30<>"",SUMIFS('Chi tiết tuyến'!$AJ:$AJ,'Chi tiết tuyến'!$AA:$AA,Master!$G30),"") | S30: =IF($G30<>"",_xlfn.MINIFS(Z30:CC30,$Z$15:$CC$15,"# KH"),"") | T30: =IF($G30<>"",_xlfn.MAXIFS(Z30:CC30,$Z$15:$CC$15,"# KH"),"") | U30: =IF($G30<>"",COUNTIFS('Chi tiết tuyến'!$AG:$AG,U$2,'Chi tiết tuyến'!$AA:$AA,Master!$G30),"") | V30: =IF($G30<>"",COUNTIFS('Chi tiết tuyến'!$AG:$AG,V$2,'Chi tiết tuyến'!$AA:$AA,Master!$G30),"") | W30: =IF($G30<>"",COUNTIFS('Chi tiết tuyến'!$AG:$AG,W$2,'Chi tiết tuyến'!$AA:$AA,Master!$G30),"") | X30: =IF($G30<>"",COUNTIFS('Chi tiết tuyến'!$AH:$AH,FALSE,'Chi tiết tuyến'!$AA:$AA,Master!$G30),"") | Y30: =IF($G30<>"",COUNTIFS('Chi tiết tuyến'!$AI:$AI,FALSE,'Chi tiết tuyến'!$AA:$AA,Master!$G30),"") | Z30: =IF($G30<>"",COUNTIFS('Chi tiết tuyến'!$AA:$AA,Master!$G30,'Chi tiết tuyến'!L:L,"x",'Chi tiết tuyến'!$W:$W,"x"),"") | AA30: =IF($G30<>"",SUMIFS('Chi tiết tuyến'!$BA:$BA,'Chi tiết tuyến'!$AA:$AA,Master!$G30,'Chi tiết tuyến'!$W:$W,"x"),"") | AB30: =IF($G30<>"",COUNTIFS('Chi tiết tuyến'!$AA:$AA,Master!$G30,'Chi tiết tuyến'!M:M,"x",'Chi tiết tuyến'!$W:$W,"x"),"") | AC30: =IF($G30<>"",SUMIFS('Chi tiết tuyến'!$BB:$BB,'Chi tiết tuyến'!$AA:$AA,Master!$G30,'Chi tiết tuyến'!$W:$W,"x"),"") | AD30: =IF($G30<>"",COUNTIFS('Chi tiết tuyến'!$AA:$AA,Master!$G30,'Chi tiết tuyến'!N:N,"x",'Chi tiết tuyến'!$W:$W,"x"),"") | AE30: =IF($G30<>"",SUMIFS('Chi tiết tuyến'!$BC:$BC,'Chi tiết tuyến'!$AA:$AA,Master!$G30,'Chi tiết tuyến'!$W:$W,"x"),"") | AF30: =IF($G30<>"",COUNTIFS('Chi tiết tuyến'!$AA:$AA,Master!$G30,'Chi tiết tuyến'!O:O,"x",'Chi tiết tuyến'!$W:$W,"x"),"") | AG30: =IF($G30<>"",SUMIFS('Chi tiết tuyến'!$BD:$BD,'Chi tiết tuyến'!$AA:$AA,Master!$G30,'Chi tiết tuyến'!$W:$W,"x"),"") | AH30: =IF($G30<>"",COUNTIFS('Chi tiết tuyến'!$AA:$AA,Master!$G30,'Chi tiết tuyến'!P:P,"x",'Chi tiết tuyến'!$W:$W,"x"),"") | AI30: =IF($G30<>"",SUMIFS('Chi tiết tuyến'!$BE:$BE,'Chi tiết tuyến'!$AA:$AA,Master!$G30,'Chi tiết tuyến'!$W:$W,"x"),"") | AJ30: =IF($G30<>"",COUNTIFS('Chi tiết tuyến'!$AA:$AA,Master!$G30,'Chi tiết tuyến'!Q:Q,"x",'Chi tiết tuyến'!$W:$W,"x"),"") | AK30: =IF($G30<>"",SUMIFS('Chi tiết tuyến'!$BF:$BF,'Chi tiết tuyến'!$AA:$AA,Master!$G30,'Chi tiết tuyến'!$W:$W,"x"),"") | AL30: =IF($G30<>"",SUM(Z30,AB30,AD30,AF30,AH30,AJ30),"") | AM30: =IF($G30<>"",SUM(AA30,AC30,AE30,AG30,AI30,AK30),"") | AN30: =IF($G30<>"",COUNTIFS('Chi tiết tuyến'!$AA:$AA,Master!$G30,'Chi tiết tuyến'!L:L,"x",'Chi tiết tuyến'!$X:$X,"x"),"") | AO30: =IF($G30<>"",SUMIFS('Chi tiết tuyến'!$BA:$BA,'Chi tiết tuyến'!$AA:$AA,Master!$G30,'Chi tiết tuyến'!$X:$X,"x"),"") | AP30: =IF($G30<>"",COUNTIFS('Chi tiết tuyến'!$AA:$AA,Master!$G30,'Chi tiết tuyến'!M:M,"x",'Chi tiết tuyến'!$X:$X,"x"),"") | AQ30: =IF($G30<>"",SUMIFS('Chi tiết tuyến'!$BB:$BB,'Chi tiết tuyến'!$AA:$AA,Master!$G30,'Chi tiết tuyến'!$X:$X,"x"),"") | AR30: =IF($G30<>"",COUNTIFS('Chi tiết tuyến'!$AA:$AA,Master!$G30,'Chi tiết tuyến'!N:N,"x",'Chi tiết tuyến'!$X:$X,"x"),"") | AS30: =IF($G30<>"",SUMIFS('Chi tiết tuyến'!$BC:$BC,'Chi tiết tuyến'!$AA:$AA,Master!$G30,'Chi tiết tuyến'!$X:$X,"x"),"") | AT30: =IF($G30<>"",COUNTIFS('Chi tiết tuyến'!$AA:$AA,Master!$G30,'Chi tiết tuyến'!O:O,"x",'Chi tiết tuyến'!$X:$X,"x"),"") | AU30: =IF($G30<>"",SUMIFS('Chi tiết tuyến'!$BD:$BD,'Chi tiết tuyến'!$AA:$AA,Master!$G30,'Chi tiết tuyến'!$X:$X,"x"),"") | AV30: =IF($G30<>"",COUNTIFS('Chi tiết tuyến'!$AA:$AA,Master!$G30,'Chi tiết tuyến'!P:P,"x",'Chi tiết tuyến'!$X:$X,"x"),"") | AW30: =IF($G30<>"",SUMIFS('Chi tiết tuyến'!$BE:$BE,'Chi tiết tuyến'!$AA:$AA,Master!$G30,'Chi tiết tuyến'!$X:$X,"x"),"") | AX30: =IF($G30<>"",COUNTIFS('Chi tiết tuyến'!$AA:$AA,Master!$G30,'Chi tiết tuyến'!Q:Q,"x",'Chi tiết tuyến'!$X:$X,"x"),"") | AY30: =IF($G30<>"",SUMIFS('Chi tiết tuyến'!$BF:$BF,'Chi tiết tuyến'!$AA:$AA,Master!$G30,'Chi tiết tuyến'!$X:$X,"x"),"") | AZ30: =IF($G30<>"",SUM(AN30,AP30,AR30,AT30,AV30,AX30),"") | BA30: =IF($G30<>"",SUM(AO30,AQ30,AS30,AU30,AW30,AY30),"") | BB30: =COUNTIFS('Chi tiết tuyến'!$AA:$AA,Master!$G30,'Chi tiết tuyến'!L:L,"x",'Chi tiết tuyến'!$Y:$Y,"x") -> 0 | BC30: =SUMIFS('Chi tiết tuyến'!$BA:$BA,'Chi tiết tuyến'!$AA:$AA,Master!$G30,'Chi tiết tuyến'!$W:$W,"x") -> 0 | BD30: =COUNTIFS('Chi tiết tuyến'!$AA:$AA,Master!$G30,'Chi tiết tuyến'!M:M,"x",'Chi tiết tuyến'!$Y:$Y,"x") -> 0 | BE30: =SUMIFS('Chi tiết tuyến'!$BB:$BB,'Chi tiết tuyến'!$AA:$AA,Master!$G30,'Chi tiết tuyến'!$W:$W,"x") -> 0 | BF30: =COUNTIFS('Chi tiết tuyến'!$AA:$AA,Master!$G30,'Chi tiết tuyến'!N:N,"x",'Chi tiết tuyến'!$Y:$Y,"x") -> 0 | BG30: =SUMIFS('Chi tiết tuyến'!$BC:$BC,'Chi tiết tuyến'!$AA:$AA,Master!$G30,'Chi tiết tuyến'!$W:$W,"x") -> 0 | BH30: =COUNTIFS('Chi tiết tuyến'!$AA:$AA,Master!$G30,'Chi tiết tuyến'!O:O,"x",'Chi tiết tuyến'!$Y:$Y,"x") -> 0 | BI30: =SUMIFS('Chi tiết tuyến'!$BD:$BD,'Chi tiết tuyến'!$AA:$AA,Master!$G30,'Chi tiết tuyến'!$W:$W,"x") -> 0 | BJ30: =COUNTIFS('Chi tiết tuyến'!$AA:$AA,Master!$G30,'Chi tiết tuyến'!P:P,"x",'Chi tiết tuyến'!$Y:$Y,"x") -> 0 | BK30: =SUMIFS('Chi tiết tuyến'!$BE:$BE,'Chi tiết tuyến'!$AA:$AA,Master!$G30,'Chi tiết tuyến'!$W:$W,"x") -> 0 | BL30: =COUNTIFS('Chi tiết tuyến'!$AA:$AA,Master!$G30,'Chi tiết tuyến'!Q:Q,"x",'Chi tiết tuyến'!$Y:$Y,"x") -> 0 | BM30: =SUMIFS('Chi tiết tuyến'!$BF:$BF,'Chi tiết tuyến'!$AA:$AA,Master!$G30,'Chi tiết tuyến'!$W:$W,"x") -> 0 | BN30: =SUM(BB30,BD30,BF30,BH30,BJ30,BL30) -> 0 | BO30: =SUM(BC30,BE30,BG30,BI30,BK30,BM30) -> 0 | BP30: =COUNTIFS('Chi tiết tuyến'!$AA:$AA,Master!$G30,'Chi tiết tuyến'!L:L,"x",'Chi tiết tuyến'!$Z:$Z,"x") -> 0 | BQ30: =SUMIFS('Chi tiết tuyến'!$BA:$BA,'Chi tiết tuyến'!$AA:$AA,Master!$G30,'Chi tiết tuyến'!$X:$X,"x") -> 0 | BR30: =COUNTIFS('Chi tiết tuyến'!$AA:$AA,Master!$G30,'Chi tiết tuyến'!M:M,"x",'Chi tiết tuyến'!$Z:$Z,"x") -> 0 | BS30: =SUMIFS('Chi tiết tuyến'!$BB:$BB,'Chi tiết tuyến'!$AA:$AA,Master!$G30,'Chi tiết tuyến'!$X:$X,"x") -> 0 | BT30: =COUNTIFS('Chi tiết tuyến'!$AA:$AA,Master!$G30,'Chi tiết tuyến'!N:N,"x",'Chi tiết tuyến'!$Z:$Z,"x") -> 0 | BU30: =SUMIFS('Chi tiết tuyến'!$BC:$BC,'Chi tiết tuyến'!$AA:$AA,Master!$G30,'Chi tiết tuyến'!$X:$X,"x") -> 0 | BV30: =COUNTIFS('Chi tiết tuyến'!$AA:$AA,Master!$G30,'Chi tiết tuyến'!O:O,"x",'Chi tiết tuyến'!$Z:$Z,"x") -> 0 | BW30: =SUMIFS('Chi tiết tuyến'!$BD:$BD,'Chi tiết tuyến'!$AA:$AA,Master!$G30,'Chi tiết tuyến'!$X:$X,"x") -> 0 | BX30: =COUNTIFS('Chi tiết tuyến'!$AA:$AA,Master!$G30,'Chi tiết tuyến'!P:P,"x",'Chi tiết tuyến'!$Z:$Z,"x") -> 0 | BY30: =SUMIFS('Chi tiết tuyến'!$BE:$BE,'Chi tiết tuyến'!$AA:$AA,Master!$G30,'Chi tiết tuyến'!$X:$X,"x") -> 0 | BZ30: =COUNTIFS('Chi tiết tuyến'!$AA:$AA,Master!$G30,'Chi tiết tuyến'!Q:Q,"x",'Chi tiết tuyến'!$Z:$Z,"x") -> 0 | CA30: =SUMIFS('Chi tiết tuyến'!$BF:$BF,'Chi tiết tuyến'!$AA:$AA,Master!$G30,'Chi tiết tuyến'!$X:$X,"x") -> 0 | CB30: =SUM(BP30,BR30,BT30,BV30,BX30,BZ30) -> 0 | CC30: =SUM(BQ30,BS30,BU30,BW30,BY30,CA30) -> 0
F31: =IF(AND(F30>0,G31<>""),F30+1,"") | I31: =IF($G31<>"",SUMIFS('Chi tiết tuyến'!$AE:$AE,'Chi tiết tuyến'!$AD:$AD,Master!I$1,'Chi tiết tuyến'!$AA:$AA,Master!$G31),"") | J31: =IF($G31<>"",SUMIFS('Chi tiết tuyến'!$AE:$AE,'Chi tiết tuyến'!$AD:$AD,Master!J$1,'Chi tiết tuyến'!$AA:$AA,Master!$G31),"") | K31: =IF($G31<>"",SUM(I31:J31),"") | L31: =IF($G31<>"",COUNTIFS('Chi tiết tuyến'!$AA:$AA,Master!$G31,'Chi tiết tuyến'!$AD:$AD,Master!L$1),"") | M31: =IF($G31<>"",COUNTIFS('Chi tiết tuyến'!$AA:$AA,Master!$G31,'Chi tiết tuyến'!$AD:$AD,Master!M$1),"") | N31: =IF($G31<>"",SUM(L31:M31),"") | O31: =IF($G31<>"",VLOOKUP($G31,'Tuyến và nhân viên'!$I:$S,9,0),"") | P31: =IF($G31<>"",VLOOKUP($G31,'Tuyến và nhân viên'!$I:$S,10,0),"") | Q31: =IF($G31<>"",VLOOKUP($G31,'Tuyến và nhân viên'!$I:$S,11,0),"") | R31: =IF($G31<>"",SUMIFS('Chi tiết tuyến'!$AJ:$AJ,'Chi tiết tuyến'!$AA:$AA,Master!$G31),"") | S31: =IF($G31<>"",_xlfn.MINIFS(Z31:CC31,$Z$15:$CC$15,"# KH"),"") | T31: =IF($G31<>"",_xlfn.MAXIFS(Z31:CC31,$Z$15:$CC$15,"# KH"),"") | U31: =IF($G31<>"",COUNTIFS('Chi tiết tuyến'!$AG:$AG,U$2,'Chi tiết tuyến'!$AA:$AA,Master!$G31),"") | V31: =IF($G31<>"",COUNTIFS('Chi tiết tuyến'!$AG:$AG,V$2,'Chi tiết tuyến'!$AA:$AA,Master!$G31),"") | W31: =IF($G31<>"",COUNTIFS('Chi tiết tuyến'!$AG:$AG,W$2,'Chi tiết tuyến'!$AA:$AA,Master!$G31),"") | X31: =IF($G31<>"",COUNTIFS('Chi tiết tuyến'!$AH:$AH,FALSE,'Chi tiết tuyến'!$AA:$AA,Master!$G31),"") | Y31: =IF($G31<>"",COUNTIFS('Chi tiết tuyến'!$AI:$AI,FALSE,'Chi tiết tuyến'!$AA:$AA,Master!$G31),"") | Z31: =IF($G31<>"",COUNTIFS('Chi tiết tuyến'!$AA:$AA,Master!$G31,'Chi tiết tuyến'!L:L,"x",'Chi tiết tuyến'!$W:$W,"x"),"") | AA31: =IF($G31<>"",SUMIFS('Chi tiết tuyến'!$BA:$BA,'Chi tiết tuyến'!$AA:$AA,Master!$G31,'Chi tiết tuyến'!$W:$W,"x"),"") | AB31: =IF($G31<>"",COUNTIFS('Chi tiết tuyến'!$AA:$AA,Master!$G31,'Chi tiết tuyến'!M:M,"x",'Chi tiết tuyến'!$W:$W,"x"),"") | AC31: =IF($G31<>"",SUMIFS('Chi tiết tuyến'!$BB:$BB,'Chi tiết tuyến'!$AA:$AA,Master!$G31,'Chi tiết tuyến'!$W:$W,"x"),"") | AD31: =IF($G31<>"",COUNTIFS('Chi tiết tuyến'!$AA:$AA,Master!$G31,'Chi tiết tuyến'!N:N,"x",'Chi tiết tuyến'!$W:$W,"x"),"") | AE31: =IF($G31<>"",SUMIFS('Chi tiết tuyến'!$BC:$BC,'Chi tiết tuyến'!$AA:$AA,Master!$G31,'Chi tiết tuyến'!$W:$W,"x"),"") | AF31: =IF($G31<>"",COUNTIFS('Chi tiết tuyến'!$AA:$AA,Master!$G31,'Chi tiết tuyến'!O:O,"x",'Chi tiết tuyến'!$W:$W,"x"),"") | AG31: =IF($G31<>"",SUMIFS('Chi tiết tuyến'!$BD:$BD,'Chi tiết tuyến'!$AA:$AA,Master!$G31,'Chi tiết tuyến'!$W:$W,"x"),"") | AH31: =IF($G31<>"",COUNTIFS('Chi tiết tuyến'!$AA:$AA,Master!$G31,'Chi tiết tuyến'!P:P,"x",'Chi tiết tuyến'!$W:$W,"x"),"") | AI31: =IF($G31<>"",SUMIFS('Chi tiết tuyến'!$BE:$BE,'Chi tiết tuyến'!$AA:$AA,Master!$G31,'Chi tiết tuyến'!$W:$W,"x"),"") | AJ31: =IF($G31<>"",COUNTIFS('Chi tiết tuyến'!$AA:$AA,Master!$G31,'Chi tiết tuyến'!Q:Q,"x",'Chi tiết tuyến'!$W:$W,"x"),"") | AK31: =IF($G31<>"",SUMIFS('Chi tiết tuyến'!$BF:$BF,'Chi tiết tuyến'!$AA:$AA,Master!$G31,'Chi tiết tuyến'!$W:$W,"x"),"") | AL31: =IF($G31<>"",SUM(Z31,AB31,AD31,AF31,AH31,AJ31),"") | AM31: =IF($G31<>"",SUM(AA31,AC31,AE31,AG31,AI31,AK31),"") | AN31: =IF($G31<>"",COUNTIFS('Chi tiết tuyến'!$AA:$AA,Master!$G31,'Chi tiết tuyến'!L:L,"x",'Chi tiết tuyến'!$X:$X,"x"),"") | AO31: =IF($G31<>"",SUMIFS('Chi tiết tuyến'!$BA:$BA,'Chi tiết tuyến'!$AA:$AA,Master!$G31,'Chi tiết tuyến'!$X:$X,"x"),"") | AP31: =IF($G31<>"",COUNTIFS('Chi tiết tuyến'!$AA:$AA,Master!$G31,'Chi tiết tuyến'!M:M,"x",'Chi tiết tuyến'!$X:$X,"x"),"") | AQ31: =IF($G31<>"",SUMIFS('Chi tiết tuyến'!$BB:$BB,'Chi tiết tuyến'!$AA:$AA,Master!$G31,'Chi tiết tuyến'!$X:$X,"x"),"") | AR31: =IF($G31<>"",COUNTIFS('Chi tiết tuyến'!$AA:$AA,Master!$G31,'Chi tiết tuyến'!N:N,"x",'Chi tiết tuyến'!$X:$X,"x"),"") | AS31: =IF($G31<>"",SUMIFS('Chi tiết tuyến'!$BC:$BC,'Chi tiết tuyến'!$AA:$AA,Master!$G31,'Chi tiết tuyến'!$X:$X,"x"),"") | AT31: =IF($G31<>"",COUNTIFS('Chi tiết tuyến'!$AA:$AA,Master!$G31,'Chi tiết tuyến'!O:O,"x",'Chi tiết tuyến'!$X:$X,"x"),"") | AU31: =IF($G31<>"",SUMIFS('Chi tiết tuyến'!$BD:$BD,'Chi tiết tuyến'!$AA:$AA,Master!$G31,'Chi tiết tuyến'!$X:$X,"x"),"") | AV31: =IF($G31<>"",COUNTIFS('Chi tiết tuyến'!$AA:$AA,Master!$G31,'Chi tiết tuyến'!P:P,"x",'Chi tiết tuyến'!$X:$X,"x"),"") | AW31: =IF($G31<>"",SUMIFS('Chi tiết tuyến'!$BE:$BE,'Chi tiết tuyến'!$AA:$AA,Master!$G31,'Chi tiết tuyến'!$X:$X,"x"),"") | AX31: =IF($G31<>"",COUNTIFS('Chi tiết tuyến'!$AA:$AA,Master!$G31,'Chi tiết tuyến'!Q:Q,"x",'Chi tiết tuyến'!$X:$X,"x"),"") | AY31: =IF($G31<>"",SUMIFS('Chi tiết tuyến'!$BF:$BF,'Chi tiết tuyến'!$AA:$AA,Master!$G31,'Chi tiết tuyến'!$X:$X,"x"),"") | AZ31: =IF($G31<>"",SUM(AN31,AP31,AR31,AT31,AV31,AX31),"") | BA31: =IF($G31<>"",SUM(AO31,AQ31,AS31,AU31,AW31,AY31),"") | BB31: =COUNTIFS('Chi tiết tuyến'!$AA:$AA,Master!$G31,'Chi tiết tuyến'!L:L,"x",'Chi tiết tuyến'!$Y:$Y,"x") -> 0 | BC31: =SUMIFS('Chi tiết tuyến'!$BA:$BA,'Chi tiết tuyến'!$AA:$AA,Master!$G31,'Chi tiết tuyến'!$W:$W,"x") -> 0 | BD31: =COUNTIFS('Chi tiết tuyến'!$AA:$AA,Master!$G31,'Chi tiết tuyến'!M:M,"x",'Chi tiết tuyến'!$Y:$Y,"x") -> 0 | BE31: =SUMIFS('Chi tiết tuyến'!$BB:$BB,'Chi tiết tuyến'!$AA:$AA,Master!$G31,'Chi tiết tuyến'!$W:$W,"x") -> 0 | BF31: =COUNTIFS('Chi tiết tuyến'!$AA:$AA,Master!$G31,'Chi tiết tuyến'!N:N,"x",'Chi tiết tuyến'!$Y:$Y,"x") -> 0 | BG31: =SUMIFS('Chi tiết tuyến'!$BC:$BC,'Chi tiết tuyến'!$AA:$AA,Master!$G31,'Chi tiết tuyến'!$W:$W,"x") -> 0 | BH31: =COUNTIFS('Chi tiết tuyến'!$AA:$AA,Master!$G31,'Chi tiết tuyến'!O:O,"x",'Chi tiết tuyến'!$Y:$Y,"x") -> 0 | BI31: =SUMIFS('Chi tiết tuyến'!$BD:$BD,'Chi tiết tuyến'!$AA:$AA,Master!$G31,'Chi tiết tuyến'!$W:$W,"x") -> 0 | BJ31: =COUNTIFS('Chi tiết tuyến'!$AA:$AA,Master!$G31,'Chi tiết tuyến'!P:P,"x",'Chi tiết tuyến'!$Y:$Y,"x") -> 0 | BK31: =SUMIFS('Chi tiết tuyến'!$BE:$BE,'Chi tiết tuyến'!$AA:$AA,Master!$G31,'Chi tiết tuyến'!$W:$W,"x") -> 0 | BL31: =COUNTIFS('Chi tiết tuyến'!$AA:$AA,Master!$G31,'Chi tiết tuyến'!Q:Q,"x",'Chi tiết tuyến'!$Y:$Y,"x") -> 0 | BM31: =SUMIFS('Chi tiết tuyến'!$BF:$BF,'Chi tiết tuyến'!$AA:$AA,Master!$G31,'Chi tiết tuyến'!$W:$W,"x") -> 0 | BN31: =SUM(BB31,BD31,BF31,BH31,BJ31,BL31) -> 0 | BO31: =SUM(BC31,BE31,BG31,BI31,BK31,BM31) -> 0 | BP31: =COUNTIFS('Chi tiết tuyến'!$AA:$AA,Master!$G31,'Chi tiết tuyến'!L:L,"x",'Chi tiết tuyến'!$Z:$Z,"x") -> 0 | BQ31: =SUMIFS('Chi tiết tuyến'!$BA:$BA,'Chi tiết tuyến'!$AA:$AA,Master!$G31,'Chi tiết tuyến'!$X:$X,"x") -> 0 | BR31: =COUNTIFS('Chi tiết tuyến'!$AA:$AA,Master!$G31,'Chi tiết tuyến'!M:M,"x",'Chi tiết tuyến'!$Z:$Z,"x") -> 0 | BS31: =SUMIFS('Chi tiết tuyến'!$BB:$BB,'Chi tiết tuyến'!$AA:$AA,Master!$G31,'Chi tiết tuyến'!$X:$X,"x") -> 0 | BT31: =COUNTIFS('Chi tiết tuyến'!$AA:$AA,Master!$G31,'Chi tiết tuyến'!N:N,"x",'Chi tiết tuyến'!$Z:$Z,"x") -> 0 | BU31: =SUMIFS('Chi tiết tuyến'!$BC:$BC,'Chi tiết tuyến'!$AA:$AA,Master!$G31,'Chi tiết tuyến'!$X:$X,"x") -> 0 | BV31: =COUNTIFS('Chi tiết tuyến'!$AA:$AA,Master!$G31,'Chi tiết tuyến'!O:O,"x",'Chi tiết tuyến'!$Z:$Z,"x") -> 0 | BW31: =SUMIFS('Chi tiết tuyến'!$BD:$BD,'Chi tiết tuyến'!$AA:$AA,Master!$G31,'Chi tiết tuyến'!$X:$X,"x") -> 0 | BX31: =COUNTIFS('Chi tiết tuyến'!$AA:$AA,Master!$G31,'Chi tiết tuyến'!P:P,"x",'Chi tiết tuyến'!$Z:$Z,"x") -> 0 | BY31: =SUMIFS('Chi tiết tuyến'!$BE:$BE,'Chi tiết tuyến'!$AA:$AA,Master!$G31,'Chi tiết tuyến'!$X:$X,"x") -> 0 | BZ31: =COUNTIFS('Chi tiết tuyến'!$AA:$AA,Master!$G31,'Chi tiết tuyến'!Q:Q,"x",'Chi tiết tuyến'!$Z:$Z,"x") -> 0 | CA31: =SUMIFS('Chi tiết tuyến'!$BF:$BF,'Chi tiết tuyến'!$AA:$AA,Master!$G31,'Chi tiết tuyến'!$X:$X,"x") -> 0 | CB31: =SUM(BP31,BR31,BT31,BV31,BX31,BZ31) -> 0 | CC31: =SUM(BQ31,BS31,BU31,BW31,BY31,CA31) -> 0
... F39: =IF(AND(F38>0,G39<>""),F38+1,"") | I39: =IF($G39<>"",SUMIFS('Chi tiết tuyến'!$AE:$AE,'Chi tiết tuyến'!$AD:$AD,Master!I$1,'Chi tiết tuyến'!$AA:$AA,Master!$G39),"") | J39: =IF($G39<>"",SUMIFS('Chi tiết tuyến'!$AE:$AE,'Chi tiết tuyến'!$AD:$AD,Master!J$1,'Chi tiết tuyến'!$AA:$AA,Master!$G39),"") | K39: =IF($G39<>"",SUM(I39:J39),"") | L39: =IF($G39<>"",COUNTIFS('Chi tiết tuyến'!$AA:$AA,Master!$G39,'Chi tiết tuyến'!$AD:$AD,Master!L$1),"") | M39: =IF($G39<>"",COUNTIFS('Chi tiết tuyến'!$AA:$AA,Master!$G39,'Chi tiết tuyến'!$AD:$AD,Master!M$1),"") | N39: =IF($G39<>"",SUM(L39:M39),"") | O39: =IF($G39<>"",VLOOKUP($G39,'Tuyến và nhân viên'!$I:$S,9,0),"") | P39: =IF($G39<>"",VLOOKUP($G39,'Tuyến và nhân viên'!$I:$S,10,0),"") | Q39: =IF($G39<>"",VLOOKUP($G39,'Tuyến và nhân viên'!$I:$S,11,0),"") | R39: =IF($G39<>"",SUMIFS('Chi tiết tuyến'!$AJ:$AJ,'Chi tiết tuyến'!$AA:$AA,Master!$G39),"") | S39: =IF($G39<>"",_xlfn.MINIFS(Z39:CC39,$Z$15:$CC$15,"# KH"),"") | T39: =IF($G39<>"",_xlfn.MAXIFS(Z39:CC39,$Z$15:$CC$15,"# KH"),"") | U39: =IF($G39<>"",COUNTIFS('Chi tiết tuyến'!$AG:$AG,U$2,'Chi tiết tuyến'!$AA:$AA,Master!$G39),"") | V39: =IF($G39<>"",COUNTIFS('Chi tiết tuyến'!$AG:$AG,V$2,'Chi tiết tuyến'!$AA:$AA,Master!$G39),"") | W39: =IF($G39<>"",COUNTIFS('Chi tiết tuyến'!$AG:$AG,W$2,'Chi tiết tuyến'!$AA:$AA,Master!$G39),"") | X39: =IF($G39<>"",COUNTIFS('Chi tiết tuyến'!$AH:$AH,FALSE,'Chi tiết tuyến'!$AA:$AA,Master!$G39),"") | Y39: =IF($G39<>"",COUNTIFS('Chi tiết tuyến'!$AI:$AI,FALSE,'Chi tiết tuyến'!$AA:$AA,Master!$G39),"") | Z39: =IF($G39<>"",COUNTIFS('Chi tiết tuyến'!$AA:$AA,Master!$G39,'Chi tiết tuyến'!L:L,"x",'Chi tiết tuyến'!$W:$W,"x"),"") | AA39: =IF($G39<>"",SUMIFS('Chi tiết tuyến'!$BA:$BA,'Chi tiết tuyến'!$AA:$AA,Master!$G39,'Chi tiết tuyến'!$W:$W,"x"),"") | AB39: =IF($G39<>"",COUNTIFS('Chi tiết tuyến'!$AA:$AA,Master!$G39,'Chi tiết tuyến'!M:M,"x",'Chi tiết tuyến'!$W:$W,"x"),"") | AC39: =IF($G39<>"",SUMIFS('Chi tiết tuyến'!$BB:$BB,'Chi tiết tuyến'!$AA:$AA,Master!$G39,'Chi tiết tuyến'!$W:$W,"x"),"") | AD39: =IF($G39<>"",COUNTIFS('Chi tiết tuyến'!$AA:$AA,Master!$G39,'Chi tiết tuyến'!N:N,"x",'Chi tiết tuyến'!$W:$W,"x"),"") | AE39: =IF($G39<>"",SUMIFS('Chi tiết tuyến'!$BC:$BC,'Chi tiết tuyến'!$AA:$AA,Master!$G39,'Chi tiết tuyến'!$W:$W,"x"),"") | AF39: =IF($G39<>"",COUNTIFS('Chi tiết tuyến'!$AA:$AA,Master!$G39,'Chi tiết tuyến'!O:O,"x",'Chi tiết tuyến'!$W:$W,"x"),"") | AG39: =IF($G39<>"",SUMIFS('Chi tiết tuyến'!$BD:$BD,'Chi tiết tuyến'!$AA:$AA,Master!$G39,'Chi tiết tuyến'!$W:$W,"x"),"") | AH39: =IF($G39<>"",COUNTIFS('Chi tiết tuyến'!$AA:$AA,Master!$G39,'Chi tiết tuyến'!P:P,"x",'Chi tiết tuyến'!$W:$W,"x"),"") | AI39: =IF($G39<>"",SUMIFS('Chi tiết tuyến'!$BE:$BE,'Chi tiết tuyến'!$AA:$AA,Master!$G39,'Chi tiết tuyến'!$W:$W,"x"),"") | AJ39: =IF($G39<>"",COUNTIFS('Chi tiết tuyến'!$AA:$AA,Master!$G39,'Chi tiết tuyến'!Q:Q,"x",'Chi tiết tuyến'!$W:$W,"x"),"") | AK39: =IF($G39<>"",SUMIFS('Chi tiết tuyến'!$BF:$BF,'Chi tiết tuyến'!$AA:$AA,Master!$G39,'Chi tiết tuyến'!$W:$W,"x"),"") | AL39: =IF($G39<>"",SUM(Z39,AB39,AD39,AF39,AH39,AJ39),"") | AM39: =IF($G39<>"",SUM(AA39,AC39,AE39,AG39,AI39,AK39),"") | AN39: =IF($G39<>"",COUNTIFS('Chi tiết tuyến'!$AA:$AA,Master!$G39,'Chi tiết tuyến'!L:L,"x",'Chi tiết tuyến'!$X:$X,"x"),"") | AO39: =IF($G39<>"",SUMIFS('Chi tiết tuyến'!$BA:$BA,'Chi tiết tuyến'!$AA:$AA,Master!$G39,'Chi tiết tuyến'!$X:$X,"x"),"") | AP39: =IF($G39<>"",COUNTIFS('Chi tiết tuyến'!$AA:$AA,Master!$G39,'Chi tiết tuyến'!M:M,"x",'Chi tiết tuyến'!$X:$X,"x"),"") | AQ39: =IF($G39<>"",SUMIFS('Chi tiết tuyến'!$BB:$BB,'Chi tiết tuyến'!$AA:$AA,Master!$G39,'Chi tiết tuyến'!$X:$X,"x"),"") | AR39: =IF($G39<>"",COUNTIFS('Chi tiết tuyến'!$AA:$AA,Master!$G39,'Chi tiết tuyến'!N:N,"x",'Chi tiết tuyến'!$X:$X,"x"),"") | AS39: =IF($G39<>"",SUMIFS('Chi tiết tuyến'!$BC:$BC,'Chi tiết tuyến'!$AA:$AA,Master!$G39,'Chi tiết tuyến'!$X:$X,"x"),"") | AT39: =IF($G39<>"",COUNTIFS('Chi tiết tuyến'!$AA:$AA,Master!$G39,'Chi tiết tuyến'!O:O,"x",'Chi tiết tuyến'!$X:$X,"x"),"") | AU39: =IF($G39<>"",SUMIFS('Chi tiết tuyến'!$BD:$BD,'Chi tiết tuyến'!$AA:$AA,Master!$G39,'Chi tiết tuyến'!$X:$X,"x"),"") | AV39: =IF($G39<>"",COUNTIFS('Chi tiết tuyến'!$AA:$AA,Master!$G39,'Chi tiết tuyến'!P:P,"x",'Chi tiết tuyến'!$X:$X,"x"),"") | AW39: =IF($G39<>"",SUMIFS('Chi tiết tuyến'!$BE:$BE,'Chi tiết tuyến'!$AA:$AA,Master!$G39,'Chi tiết tuyến'!$X:$X,"x"),"") | AX39: =IF($G39<>"",COUNTIFS('Chi tiết tuyến'!$AA:$AA,Master!$G39,'Chi tiết tuyến'!Q:Q,"x",'Chi tiết tuyến'!$X:$X,"x"),"") | AY39: =IF($G39<>"",SUMIFS('Chi tiết tuyến'!$BF:$BF,'Chi tiết tuyến'!$AA:$AA,Master!$G39,'Chi tiết tuyến'!$X:$X,"x"),"") | AZ39: =IF($G39<>"",SUM(AN39,AP39,AR39,AT39,AV39,AX39),"") | BA39: =IF($G39<>"",SUM(AO39,AQ39,AS39,AU39,AW39,AY39),"") | BB39: =COUNTIFS('Chi tiết tuyến'!$AA:$AA,Master!$G39,'Chi tiết tuyến'!L:L,"x",'Chi tiết tuyến'!$Y:$Y,"x") -> 0 | BC39: =SUMIFS('Chi tiết tuyến'!$BA:$BA,'Chi tiết tuyến'!$AA:$AA,Master!$G39,'Chi tiết tuyến'!$W:$W,"x") -> 0 | BD39: =COUNTIFS('Chi tiết tuyến'!$AA:$AA,Master!$G39,'Chi tiết tuyến'!M:M,"x",'Chi tiết tuyến'!$Y:$Y,"x") -> 0 | BE39: =SUMIFS('Chi tiết tuyến'!$BB:$BB,'Chi tiết tuyến'!$AA:$AA,Master!$G39,'Chi tiết tuyến'!$W:$W,"x") -> 0 | BF39: =COUNTIFS('Chi tiết tuyến'!$AA:$AA,Master!$G39,'Chi tiết tuyến'!N:N,"x",'Chi tiết tuyến'!$Y:$Y,"x") -> 0 | BG39: =SUMIFS('Chi tiết tuyến'!$BC:$BC,'Chi tiết tuyến'!$AA:$AA,Master!$G39,'Chi tiết tuyến'!$W:$W,"x") -> 0 | BH39: =COUNTIFS('Chi tiết tuyến'!$AA:$AA,Master!$G39,'Chi tiết tuyến'!O:O,"x",'Chi tiết tuyến'!$Y:$Y,"x") -> 0 | BI39: =SUMIFS('Chi tiết tuyến'!$BD:$BD,'Chi tiết tuyến'!$AA:$AA,Master!$G39,'Chi tiết tuyến'!$W:$W,"x") -> 0 | BJ39: =COUNTIFS('Chi tiết tuyến'!$AA:$AA,Master!$G39,'Chi tiết tuyến'!P:P,"x",'Chi tiết tuyến'!$Y:$Y,"x") -> 0 | BK39: =SUMIFS('Chi tiết tuyến'!$BE:$BE,'Chi tiết tuyến'!$AA:$AA,Master!$G39,'Chi tiết tuyến'!$W:$W,"x") -> 0 | BL39: =COUNTIFS('Chi tiết tuyến'!$AA:$AA,Master!$G39,'Chi tiết tuyến'!Q:Q,"x",'Chi tiết tuyến'!$Y:$Y,"x") -> 0 | BM39: =SUMIFS('Chi tiết tuyến'!$BF:$BF,'Chi tiết tuyến'!$AA:$AA,Master!$G39,'Chi tiết tuyến'!$W:$W,"x") -> 0 | BN39: =SUM(BB39,BD39,BF39,BH39,BJ39,BL39) -> 0 | BO39: =SUM(BC39,BE39,BG39,BI39,BK39,BM39) -> 0 | BP39: =COUNTIFS('Chi tiết tuyến'!$AA:$AA,Master!$G39,'Chi tiết tuyến'!L:L,"x",'Chi tiết tuyến'!$Z:$Z,"x") -> 0 | BQ39: =SUMIFS('Chi tiết tuyến'!$BA:$BA,'Chi tiết tuyến'!$AA:$AA,Master!$G39,'Chi tiết tuyến'!$X:$X,"x") -> 0 | BR39: =COUNTIFS('Chi tiết tuyến'!$AA:$AA,Master!$G39,'Chi tiết tuyến'!M:M,"x",'Chi tiết tuyến'!$Z:$Z,"x") -> 0 | BS39: =SUMIFS('Chi tiết tuyến'!$BB:$BB,'Chi tiết tuyến'!$AA:$AA,Master!$G39,'Chi tiết tuyến'!$X:$X,"x") -> 0 | BT39: =COUNTIFS('Chi tiết tuyến'!$AA:$AA,Master!$G39,'Chi tiết tuyến'!N:N,"x",'Chi tiết tuyến'!$Z:$Z,"x") -> 0 | BU39: =SUMIFS('Chi tiết tuyến'!$BC:$BC,'Chi tiết tuyến'!$AA:$AA,Master!$G39,'Chi tiết tuyến'!$X:$X,"x") -> 0 | BV39: =COUNTIFS('Chi tiết tuyến'!$AA:$AA,Master!$G39,'Chi tiết tuyến'!O:O,"x",'Chi tiết tuyến'!$Z:$Z,"x") -> 0 | BW39: =SUMIFS('Chi tiết tuyến'!$BD:$BD,'Chi tiết tuyến'!$AA:$AA,Master!$G39,'Chi tiết tuyến'!$X:$X,"x") -> 0 | BX39: =COUNTIFS('Chi tiết tuyến'!$AA:$AA,Master!$G39,'Chi tiết tuyến'!P:P,"x",'Chi tiết tuyến'!$Z:$Z,"x") -> 0 | BY39: =SUMIFS('Chi tiết tuyến'!$BE:$BE,'Chi tiết tuyến'!$AA:$AA,Master!$G39,'Chi tiết tuyến'!$X:$X,"x") -> 0 | BZ39: =COUNTIFS('Chi tiết tuyến'!$AA:$AA,Master!$G39,'Chi tiết tuyến'!Q:Q,"x",'Chi tiết tuyến'!$Z:$Z,"x") -> 0 | CA39: =SUMIFS('Chi tiết tuyến'!$BF:$BF,'Chi tiết tuyến'!$AA:$AA,Master!$G39,'Chi tiết tuyến'!$X:$X,"x") -> 0 | CB39: =SUM(BP39,BR39,BT39,BV39,BX39,BZ39) -> 0 | CC39: =SUM(BQ39,BS39,BU39,BW39,BY39,CA39) -> 0

Sheet Chi tiết tuyến
A2: Dữ liệu download từ DMS | AA2: Mapping | AW2: dựa vào số CH tối thiểu ngày
A3: STT | B3: Mã Đơn vị | C3: Tên Đơn vị | D3: Mã tuyến | E3: Tên tuyến | F3: Mã khách hàng | G3: Tên khách hàng | H3: Địa chỉ | I3: Trạng thái tham gia | J3: Từ ngày tham gia dd/mm/yyyy | K3: Đến ngày tham gia dd/mm/yyyy | L3: LỘ TRÌNH DMS (GS sửa trực tiếp ở đây) | S3: TẦN SUẤT DMS | W3: TẦN SUẤT GỢI Ý (GS sửa ở đây) | AC3: Tần suất gợi ý | AD3: Kênh khách hàng | AE3: Doanh số TB | AF3: Tần suất hiện tại DMS | AG3: Tần suất GSBH chia lại | AH3: Kiểm tra đúng tần suất | AI3: Kiểm tra đúng tần suất giữa GSBH chia và Gợi ý | AJ3: Số call gợi ý | AK3: Số call GS chia | AL3: Doanh số TB/tuần | AM3: Quận/Huyện | AN3: Phường/Xã | AO3: Huyện-Xã | AP3: Tuyến_X | AW3: Tần suất_X | BA3: Doanh số_X | BH3: Check F2_X | BO3: running No F2_X | BV3: Số lượng F2_X | CC3: running Total | CD3: total F2 | CF3: Tổng số Calls | CG3: Số X | CH3: Số X: | CQ3: Thứ áp dụng | CR3: Tuần áp dụng
L4: T2 | M4: T3 | N4: T4 | O4: T5 | P4: T6 | Q4: T7 | R4: CN | S4: W1 | T4: W2 | U4: W3 | V4: W4 | W4: W1 | X4: W2 | Y4: W3 | Z4: W4 | AA4: Mã Nhân viên | AB4: Tên Nhân viên | AP4: T2 | AQ4: T3 | AR4: T4 | AS4: T5 | AT4: T6 | AU4: T7 | AV4: CN | AW4: W1 | AX4: W2 | AY4: W3 | AZ4: W4 | BA4: T2 | BB4: T3 | BC4: T4 | BD4: T5 | BE4: T6 | BF4: T7 | BG4: CN | BH4: T2 | BI4: T3 | BJ4: T4 | BK4: T5 | BL4: T6 | BM4: T7 | BN4: CN | BO4: T2 | BP4: T3 | BQ4: T4 | BR4: T5 | BS4: T6 | BT4: T7 | BU4: CN | BV4: T2 | BW4: T3 | BX4: T4 | BY4: T5 | BZ4: T6 | CA4: T7 | CB4: CN | CE4: GSBH | CH4: Thứ 2 | CI4: Thứ 3 | CJ4: Thứ 4 | CK4: Thứ 5 | CL4: Thứ 6 | CM4: Thứ 7 | CN4: Chủ nhật | CO4: X1 | CP4: X2
A5: 1 | B5: S95002 | C5: CÔNG TY TNHH DƯỢC PHẨM GIA NGUYỄN BẠC LIÊU | D5: R9500101 | E5: Tuyến 01 | F5: C9500001928 | G5: Quầy thuốc Số 1 | H5: Ấp Khúc Tréo A, QL1A, Xã Phong Thạnh, Tỉnh Cà Mau, Tỉnh Cà Mau | I5: Hoạt động | J5: 03/11/2025 | M5: x | S5: x | T5: x | U5: x | V5: x | W5: =IF(AW5>0,"x","") -> x | X5: =IF(AX5>0,"x","") | Y5: =IF(AY5>0,"x","") -> x | Z5: =IF(AZ5>0,"x","") | AA5: =VLOOKUP($D5,'Tuyến và nhân viên'!$D:$M,6,0) -> HL00622 | AB5: =VLOOKUP($D5,'Tuyến và nhân viên'!$D:$M,7,0) -> Dương Phi Vủ | AC5: =IFERROR(VLOOKUP($F5,DSKH!$D:$BF,53,0),"") -> F2 | AD5: =IFERROR(VLOOKUP($F5,DSKH!$D:$BF,54,0),"") -> OTC | AE5: =SUMIFS('Doanh số khách hàng'!$F:$F,'Doanh số khách hàng'!$A:$A,'Chi tiết tuyến'!$F5) -> 0 | AF5: ="F"&(COUNTIFS($S5:$V5,"x")*COUNTIFS($L5:$R5,"x")) -> F4 | AG5: ="F"&(COUNTIFS($W5:$Z5,"x")*COUNTIFS($L5:$R5,"x")) -> F2 | AH5: =EXACT($AC5,AF5) -> FALSE | AI5: =EXACT($AC5,AG5) -> TRUE | AJ5: =IFERROR(VLOOKUP($AC5,Master!$D:$E,2,0),"") -> 2 | AK5: =VLOOKUP($AF5,Master!$D:$E,2,0) -> 4 | AL5: =IFERROR(AE5/AJ5,0) -> 0 | AM5: =IFERROR(VLOOKUP($F5,DSKH!$D:$BF,31,0),"") -> Tỉnh Cà Mau | AN5: =IFERROR(VLOOKUP($F5,DSKH!$D:$BF,29,0),"") -> Xã Phong Thạnh | AO5: =IFERROR(VLOOKUP($F5,DSKH!$D:$BF,52,0),"") -> 0 | AP5: =IF(L5="x",1+COUNTIFS(AP$4:AP4,">0",$AA$4:$AA4,$AA4),0) -> 0 | AQ5: =IF(M5="x",1+COUNTIFS(AQ$4:AQ4,">0",$AA$4:$AA4,$AA4),0) -> 1 | AR5: =IF(N5="x",1+COUNTIFS(AR$4:AR4,">0",$AA$4:$AA4,$AA4),0) -> 0 | AS5: =IF(O5="x",1+COUNTIFS(AS$4:AS4,">0",$AA$4:$AA4,$AA4),0) -> 0 | AT5: =IF(P5="x",1+COUNTIFS(AT$4:AT4,">0",$AA$4:$AA4,$AA4),0) -> 0 | AU5: =IF(Q5="x",1+COUNTIFS(AU$4:AU4,">0",$AA$4:$AA4,$AA4),0) -> 0 | AV5: =IF(R5="x",1+COUNTIFS(AV$4:AV4,">0",$AA$4:$AA4,$AA4),0) -> 0 | AW5: =IF($AC5="F2",IF($CC5<=$CD5/2+1,1,0),1) -> 1 | AX5: =IF($AC5="F2",IF($AW5=1,0,1),1) -> 0 | AY5: =AW5 -> 1 | AZ5: =AX5 -> 0 | BA5: =$AL5*IF(L5>="x",1,0) -> 0 | BB5: =$AL5*IF(M5>="x",1,0) -> 0 | BC5: =$AL5*IF(N5>="x",1,0) -> 0 | BD5: =$AL5*IF(O5>="x",1,0) -> 0 | BE5: =$AL5*IF(P5>="x",1,0) -> 0 | BF5: =$AL5*IF(Q5>="x",1,0) -> 0 | BG5: =$AL5*IF(R5>="x",1,0) -> 0 | BH5: =IF(AND(L5="x",$AC5="F2"),1,0) -> 0 | BI5: =IF(AND(M5="x",$AC5="F2"),1,0) -> 1 | BJ5: =IF(AND(N5="x",$AC5="F2"),1,0) -> 0 | BK5: =IF(AND(O5="x",$AC5="F2"),1,0) -> 0 | BL5: =IF(AND(P5="x",$AC5="F2"),1,0) -> 0 | BM5: =IF(AND(Q5="x",$AC5="F2"),1,0) -> 0 | BN5: =IF(AND(R5="x",$AC5="F2"),1,0) -> 0 | BO5: =SUMIFS(BH$5:BH5,$AA$5:$AA5,$AA5) -> 0 | BP5: =SUMIFS(BI$5:BI5,$AA$5:$AA5,$AA5) -> 1 | BQ5: =SUMIFS(BJ$5:BJ5,$AA$5:$AA5,$AA5) -> 0 | BR5: =SUMIFS(BK$5:BK5,$AA$5:$AA5,$AA5) -> 0 | BS5: =SUMIFS(BL$5:BL5,$AA$5:$AA5,$AA5) -> 0 | BT5: =SUMIFS(BM$5:BM5,$AA$5:$AA5,$AA5) -> 0 | BU5: =SUMIFS(BN$5:BN5,$AA$5:$AA5,$AA5) -> 0 | BV5: =SUMIFS(BH:BH,$AA:$AA,$AA5) -> 4 | BW5: =SUMIFS(BI:BI,$AA:$AA,$AA5) -> 17 | BX5: =SUMIFS(BJ:BJ,$AA:$AA,$AA5) -> 17 | BY5: =SUMIFS(BK:BK,$AA:$AA,$AA5) -> 11 | BZ5: =SUMIFS(BL:BL,$AA:$AA,$AA5) -> 10 | CA5: =SUMIFS(BM:BM,$AA:$AA,$AA5) -> 18 | CB5: =SUMIFS(BN:BN,$AA:$AA,$AA5) -> 0 | CC5: =SUMPRODUCT(BH5:BN5,BO5:BU5) -> 1 | CD5: =SUMPRODUCT(BV5:CB5,BH5:BN5) -> 17 | CE5: =IFERROR(VLOOKUP($AA5,'Tuyến và nhân viên'!$I:$O,7,0),"") -> Trần Văn Khanh | CF5: =COUNTIFS($L5:$R5,"x")*COUNTIFS($W5:$Z5,"x") -> 2 | CG5: =COUNTIFS($L5:$R5,"x") -> 1 | CH5: =COUNTIFS($L5:L5,"x") -> 0 | CI5: =COUNTIFS($L5:M5,"x") -> 1 | CJ5: =COUNTIFS($L5:N5,"x") -> 1 | CK5: =COUNTIFS($L5:O5,"x") -> 1 | CL5: =COUNTIFS($L5:P5,"x") -> 1 | CM5: =COUNTIFS($L5:Q5,"x") -> 1 | CN5: =COUNTIFS($L5:R5,"x") -> 1 | CO5: {=IFERROR(INDEX($CH$4:$CN$4,0,MATCH(1,$CH5:$CN5,0)),"")} -> Thứ 3 | CP5: {=IFERROR(INDEX($CH$4:$CN$4,0,MATCH(2,$CH5:$CN5,0)),"")} | CQ5: =IF($CG5=1,CO5,_xlfn.CONCAT(CO5," & ",CP5)) -> Thứ 3 | CR5: =IF(COUNTIFS($W5:$Z5,"x")>2,$AG5&" - Tất cả các tuần",IF($W5="x",$AG5&" - Tuần 1 & 3",IF($X5="x",$AG5&" - Tuần 2 & 4","NONE"))) -> F2 - Tuần 1 & 3
A6: 2 | B6: S95002 | C6: CÔNG TY TNHH DƯỢC PHẨM GIA NGUYỄN BẠC LIÊU | D6: R9500101 | E6: Tuyến 01 | F6: C9501018086 | G6: 2. Quầy thuốc Diễm my (kiều diễm my) | H6: Ấp Phước Thọ Tiền, Chợ Xã Thoàng, Xã Vĩnh Phước, Tỉnh Cà Mau, Tỉnh Cà Mau | I6: Hoạt động | J6: 03/11/2025 | O6: x | S6: x | T6: x | U6: x | V6: x | W6: =IF(AW6>0,"x","") -> x | X6: =IF(AX6>0,"x","") -> x | Y6: =IF(AY6>0,"x","") -> x | Z6: =IF(AZ6>0,"x","") -> x | AA6: =VLOOKUP($D6,'Tuyến và nhân viên'!$D:$M,6,0) -> HL00622 | AB6: =VLOOKUP($D6,'Tuyến và nhân viên'!$D:$M,7,0) -> Dương Phi Vủ | AC6: =IFERROR(VLOOKUP($F6,DSKH!$D:$BF,53,0),"") -> F4 | AD6: =IFERROR(VLOOKUP($F6,DSKH!$D:$BF,54,0),"") -> OTC | AE6: =SUMIFS('Doanh số khách hàng'!$F:$F,'Doanh số khách hàng'!$A:$A,'Chi tiết tuyến'!$F6) -> 680426.67 | AF6: ="F"&(COUNTIFS($S6:$V6,"x")*COUNTIFS($L6:$R6,"x")) -> F4 | AG6: ="F"&(COUNTIFS($W6:$Z6,"x")*COUNTIFS($L6:$R6,"x")) -> F4 | AH6: =EXACT($AC6,AF6) -> TRUE | AI6: =EXACT($AC6,AG6) -> TRUE | AJ6: =IFERROR(VLOOKUP($AC6,Master!$D:$E,2,0),"") -> 4 | AK6: =VLOOKUP($AF6,Master!$D:$E,2,0) -> 4 | AL6: =IFERROR(AE6/AJ6,0) -> 170106.67 | AM6: =IFERROR(VLOOKUP($F6,DSKH!$D:$BF,31,0),"") -> Tỉnh Cà Mau | AN6: =IFERROR(VLOOKUP($F6,DSKH!$D:$BF,29,0),"") -> Xã Vĩnh Phước | AO6: =IFERROR(VLOOKUP($F6,DSKH!$D:$BF,52,0),"") -> 680426.67 | AP6: =IF(L6="x",1+COUNTIFS(AP$4:AP5,">0",$AA$4:$AA5,$AA5),0) -> 0 | AQ6: =IF(M6="x",1+COUNTIFS(AQ$4:AQ5,">0",$AA$4:$AA5,$AA5),0) -> 0 | AR6: =IF(N6="x",1+COUNTIFS(AR$4:AR5,">0",$AA$4:$AA5,$AA5),0) -> 0 | AS6: =IF(O6="x",1+COUNTIFS(AS$4:AS5,">0",$AA$4:$AA5,$AA5),0) -> 1 | AT6: =IF(P6="x",1+COUNTIFS(AT$4:AT5,">0",$AA$4:$AA5,$AA5),0) -> 0 | AU6: =IF(Q6="x",1+COUNTIFS(AU$4:AU5,">0",$AA$4:$AA5,$AA5),0) -> 0 | AV6: =IF(R6="x",1+COUNTIFS(AV$4:AV5,">0",$AA$4:$AA5,$AA5),0) -> 0 | AW6: =IF($AC6="F2",IF($CC6<=$CD6/2+1,1,0),1) -> 1 | AX6: =IF($AC6="F2",IF($AW6=1,0,1),1) -> 1 | AY6: =AW6 -> 1 | AZ6: =AX6 -> 1 | BA6: =$AL6*IF(L6>="x",1,0) -> 0 | BB6: =$AL6*IF(M6>="x",1,0) -> 0 | BC6: =$AL6*IF(N6>="x",1,0) -> 0 | BD6: =$AL6*IF(O6>="x",1,0) -> 170106.67 | BE6: =$AL6*IF(P6>="x",1,0) -> 0 | BF6: =$AL6*IF(Q6>="x",1,0) -> 0 | BG6: =$AL6*IF(R6>="x",1,0) -> 0 | BH6: =IF(AND(L6="x",$AC6="F2"),1,0) -> 0 | BI6: =IF(AND(M6="x",$AC6="F2"),1,0) -> 0 | BJ6: =IF(AND(N6="x",$AC6="F2"),1,0) -> 0 | BK6: =IF(AND(O6="x",$AC6="F2"),1,0) -> 0 | BL6: =IF(AND(P6="x",$AC6="F2"),1,0) -> 0 | BM6: =IF(AND(Q6="x",$AC6="F2"),1,0) -> 0 | BN6: =IF(AND(R6="x",$AC6="F2"),1,0) -> 0 | BO6: =SUMIFS(BH$5:BH6,$AA$5:$AA6,$AA6) -> 0 | BP6: =SUMIFS(BI$5:BI6,$AA$5:$AA6,$AA6) -> 1 | BQ6: =SUMIFS(BJ$5:BJ6,$AA$5:$AA6,$AA6) -> 0 | BR6: =SUMIFS(BK$5:BK6,$AA$5:$AA6,$AA6) -> 0 | BS6: =SUMIFS(BL$5:BL6,$AA$5:$AA6,$AA6) -> 0 | BT6: =SUMIFS(BM$5:BM6,$AA$5:$AA6,$AA6) -> 0 | BU6: =SUMIFS(BN$5:BN6,$AA$5:$AA6,$AA6) -> 0 | BV6: =SUMIFS(BH:BH,$AA:$AA,$AA6) -> 4 | BW6: =SUMIFS(BI:BI,$AA:$AA,$AA6) -> 17 | BX6: =SUMIFS(BJ:BJ,$AA:$AA,$AA6) -> 17 | BY6: =SUMIFS(BK:BK,$AA:$AA,$AA6) -> 11 | BZ6: =SUMIFS(BL:BL,$AA:$AA,$AA6) -> 10 | CA6: =SUMIFS(BM:BM,$AA:$AA,$AA6) -> 18 | CB6: =SUMIFS(BN:BN,$AA:$AA,$AA6) -> 0 | CC6: =SUMPRODUCT(BH6:BN6,BO6:BU6) -> 0 | CD6: =SUMPRODUCT(BV6:CB6,BH6:BN6) -> 0 | CE6: =IFERROR(VLOOKUP($AA6,'Tuyến và nhân viên'!$I:$O,7,0),"") -> Trần Văn Khanh | CF6: =COUNTIFS($L6:$R6,"x")*COUNTIFS($W6:$Z6,"x") -> 4 | CG6: =COUNTIFS($L6:$R6,"x") -> 1 | CH6: =COUNTIFS($L6:L6,"x") -> 0 | CI6: =COUNTIFS($L6:M6,"x") -> 0 | CJ6: =COUNTIFS($L6:N6,"x") -> 0 | CK6: =COUNTIFS($L6:O6,"x") -> 1 | CL6: =COUNTIFS($L6:P6,"x") -> 1 | CM6: =COUNTIFS($L6:Q6,"x") -> 1 | CN6: =COUNTIFS($L6:R6,"x") -> 1 | CO6: {=IFERROR(INDEX($CH$4:$CN$4,0,MATCH(1,$CH6:$CN6,0)),"")} -> Thứ 5 | CP6: {=IFERROR(INDEX($CH$4:$CN$4,0,MATCH(2,$CH6:$CN6,0)),"")} | CQ6: =IF($CG6=1,CO6,_xlfn.CONCAT(CO6," & ",CP6)) -> Thứ 5 | CR6: =IF(COUNTIFS($W6:$Z6,"x")>2,$AG6&" - Tất cả các tuần",IF($W6="x",$AG6&" - Tuần 1 & 3",IF($X6="x",$AG6&" - Tuần 2 & 4","NONE"))) -> F4 - Tất cả các tuần
A7: 3 | B7: S95002 | C7: CÔNG TY TNHH DƯỢC PHẨM GIA NGUYỄN BẠC LIÊU | D7: R9500101 | E7: Tuyến 01 | F7: C9502015170 | G7: Quầy Thuốc Yến Nhi | H7: Ấp 3, Chợ chủ chí, Xã Phong Thạnh, Tỉnh Cà Mau, Tỉnh Cà Mau | I7: Hoạt động | J7: 03/11/2025 | O7: x | S7: x | T7: x | U7: x | V7: x | W7: =IF(AW7>0,"x","") -> x | X7: =IF(AX7>0,"x","") | Y7: =IF(AY7>0,"x","") -> x | Z7: =IF(AZ7>0,"x","") | AA7: =VLOOKUP($D7,'Tuyến và nhân viên'!$D:$M,6,0) -> HL00622 | AB7: =VLOOKUP($D7,'Tuyến và nhân viên'!$D:$M,7,0) -> Dương Phi Vủ | AC7: =IFERROR(VLOOKUP($F7,DSKH!$D:$BF,53,0),"") -> F2 | AD7: =IFERROR(VLOOKUP($F7,DSKH!$D:$BF,54,0),"") -> OTC | AE7: =SUMIFS('Doanh số khách hàng'!$F:$F,'Doanh số khách hàng'!$A:$A,'Chi tiết tuyến'!$F7) -> 450700 | AF7: ="F"&(COUNTIFS($S7:$V7,"x")*COUNTIFS($L7:$R7,"x")) -> F4 | AG7: ="F"&(COUNTIFS($W7:$Z7,"x")*COUNTIFS($L7:$R7,"x")) -> F2 | AH7: =EXACT($AC7,AF7) -> FALSE | AI7: =EXACT($AC7,AG7) -> TRUE | AJ7: =IFERROR(VLOOKUP($AC7,Master!$D:$E,2,0),"") -> 2 | AK7: =VLOOKUP($AF7,Master!$D:$E,2,0) -> 4 | AL7: =IFERROR(AE7/AJ7,0) -> 225350 | AM7: =IFERROR(VLOOKUP($F7,DSKH!$D:$BF,31,0),"") -> Tỉnh Cà Mau | AN7: =IFERROR(VLOOKUP($F7,DSKH!$D:$BF,29,0),"") -> Xã Phong Thạnh | AO7: =IFERROR(VLOOKUP($F7,DSKH!$D:$BF,52,0),"") -> 450700 | AP7: =IF(L7="x",1+COUNTIFS(AP$4:AP6,">0",$AA$4:$AA6,$AA6),0) -> 0 | AQ7: =IF(M7="x",1+COUNTIFS(AQ$4:AQ6,">0",$AA$4:$AA6,$AA6),0) -> 0 | AR7: =IF(N7="x",1+COUNTIFS(AR$4:AR6,">0",$AA$4:$AA6,$AA6),0) -> 0 | AS7: =IF(O7="x",1+COUNTIFS(AS$4:AS6,">0",$AA$4:$AA6,$AA6),0) -> 2 | AT7: =IF(P7="x",1+COUNTIFS(AT$4:AT6,">0",$AA$4:$AA6,$AA6),0) -> 0 | AU7: =IF(Q7="x",1+COUNTIFS(AU$4:AU6,">0",$AA$4:$AA6,$AA6),0) -> 0 | AV7: =IF(R7="x",1+COUNTIFS(AV$4:AV6,">0",$AA$4:$AA6,$AA6),0) -> 0 | AW7: =IF($AC7="F2",IF($CC7<=$CD7/2+1,1,0),1) -> 1 | AX7: =IF($AC7="F2",IF($AW7=1,0,1),1) -> 0 | AY7: =AW7 -> 1 | AZ7: =AX7 -> 0 | BA7: =$AL7*IF(L7>="x",1,0) -> 0 | BB7: =$AL7*IF(M7>="x",1,0) -> 0 | BC7: =$AL7*IF(N7>="x",1,0) -> 0 | BD7: =$AL7*IF(O7>="x",1,0) -> 225350 | BE7: =$AL7*IF(P7>="x",1,0) -> 0 | BF7: =$AL7*IF(Q7>="x",1,0) -> 0 | BG7: =$AL7*IF(R7>="x",1,0) -> 0 | BH7: =IF(AND(L7="x",$AC7="F2"),1,0) -> 0 | BI7: =IF(AND(M7="x",$AC7="F2"),1,0) -> 0 | BJ7: =IF(AND(N7="x",$AC7="F2"),1,0) -> 0 | BK7: =IF(AND(O7="x",$AC7="F2"),1,0) -> 1 | BL7: =IF(AND(P7="x",$AC7="F2"),1,0) -> 0 | BM7: =IF(AND(Q7="x",$AC7="F2"),1,0) -> 0 | BN7: =IF(AND(R7="x",$AC7="F2"),1,0) -> 0 | BO7: =SUMIFS(BH$5:BH7,$AA$5:$AA7,$AA7) -> 0 | BP7: =SUMIFS(BI$5:BI7,$AA$5:$AA7,$AA7) -> 1 | BQ7: =SUMIFS(BJ$5:BJ7,$AA$5:$AA7,$AA7) -> 0 | BR7: =SUMIFS(BK$5:BK7,$AA$5:$AA7,$AA7) -> 1 | BS7: =SUMIFS(BL$5:BL7,$AA$5:$AA7,$AA7) -> 0 | BT7: =SUMIFS(BM$5:BM7,$AA$5:$AA7,$AA7) -> 0 | BU7: =SUMIFS(BN$5:BN7,$AA$5:$AA7,$AA7) -> 0 | BV7: =SUMIFS(BH:BH,$AA:$AA,$AA7) -> 4 | BW7: =SUMIFS(BI:BI,$AA:$AA,$AA7) -> 17 | BX7: =SUMIFS(BJ:BJ,$AA:$AA,$AA7) -> 17 | BY7: =SUMIFS(BK:BK,$AA:$AA,$AA7) -> 11 | BZ7: =SUMIFS(BL:BL,$AA:$AA,$AA7) -> 10 | CA7: =SUMIFS(BM:BM,$AA:$AA,$AA7) -> 18 | CB7: =SUMIFS(BN:BN,$AA:$AA,$AA7) -> 0 | CC7: =SUMPRODUCT(BH7:BN7,BO7:BU7) -> 1 | CD7: =SUMPRODUCT(BV7:CB7,BH7:BN7) -> 11 | CE7: =IFERROR(VLOOKUP($AA7,'Tuyến và nhân viên'!$I:$O,7,0),"") -> Trần Văn Khanh | CF7: =COUNTIFS($L7:$R7,"x")*COUNTIFS($W7:$Z7,"x") -> 2 | CG7: =COUNTIFS($L7:$R7,"x") -> 1 | CH7: =COUNTIFS($L7:L7,"x") -> 0 | CI7: =COUNTIFS($L7:M7,"x") -> 0 | CJ7: =COUNTIFS($L7:N7,"x") -> 0 | CK7: =COUNTIFS($L7:O7,"x") -> 1 | CL7: =COUNTIFS($L7:P7,"x") -> 1 | CM7: =COUNTIFS($L7:Q7,"x") -> 1 | CN7: =COUNTIFS($L7:R7,"x") -> 1 | CO7: {=IFERROR(INDEX($CH$4:$CN$4,0,MATCH(1,$CH7:$CN7,0)),"")} -> Thứ 5 | CP7: {=IFERROR(INDEX($CH$4:$CN$4,0,MATCH(2,$CH7:$CN7,0)),"")} | CQ7: =IF($CG7=1,CO7,_xlfn.CONCAT(CO7," & ",CP7)) -> Thứ 5 | CR7: =IF(COUNTIFS($W7:$Z7,"x")>2,$AG7&" - Tất cả các tuần",IF($W7="x",$AG7&" - Tuần 1 & 3",IF($X7="x",$AG7&" - Tuần 2 & 4","NONE"))) -> F2 - Tuần 1 & 3
A8: 4 | B8: S95002 | C8: CÔNG TY TNHH DƯỢC PHẨM GIA NGUYỄN BẠC LIÊU | D8: R9500101 | E8: Tuyến 01 | F8: C9503002812 | G8: 2. Nhà thuốc thu tuấn ( thu hân) | H8: 34, chợ Phó sinh, Xã Vĩnh Phước, Tỉnh Cà Mau, Tỉnh Cà Mau | I8: Hoạt động | J8: 03/11/2025 | O8: x | S8: x | T8: x | U8: x | V8: x | W8: =IF(AW8>0,"x","") -> x | X8: =IF(AX8>0,"x","") -> x | Y8: =IF(AY8>0,"x","") -> x | Z8: =IF(AZ8>0,"x","") -> x | AA8: =VLOOKUP($D8,'Tuyến và nhân viên'!$D:$M,6,0) -> HL00622 | AB8: =VLOOKUP($D8,'Tuyến và nhân viên'!$D:$M,7,0) -> Dương Phi Vủ | AC8: =IFERROR(VLOOKUP($F8,DSKH!$D:$BF,53,0),"") -> F4 | AD8: =IFERROR(VLOOKUP($F8,DSKH!$D:$BF,54,0),"") -> OTC | AE8: =SUMIFS('Doanh số khách hàng'!$F:$F,'Doanh số khách hàng'!$A:$A,'Chi tiết tuyến'!$F8) -> 2547683.3 | AF8: ="F"&(COUNTIFS($S8:$V8,"x")*COUNTIFS($L8:$R8,"x")) -> F4 | AG8: ="F"&(COUNTIFS($W8:$Z8,"x")*COUNTIFS($L8:$R8,"x")) -> F4 | AH8: =EXACT($AC8,AF8) -> TRUE | AI8: =EXACT($AC8,AG8) -> TRUE | AJ8: =IFERROR(VLOOKUP($AC8,Master!$D:$E,2,0),"") -> 4 | AK8: =VLOOKUP($AF8,Master!$D:$E,2,0) -> 4 | AL8: =IFERROR(AE8/AJ8,0) -> 636920.83 | AM8: =IFERROR(VLOOKUP($F8,DSKH!$D:$BF,31,0),"") -> Tỉnh Cà Mau | AN8: =IFERROR(VLOOKUP($F8,DSKH!$D:$BF,29,0),"") -> Xã Vĩnh Phước | AO8: =IFERROR(VLOOKUP($F8,DSKH!$D:$BF,52,0),"") -> 2547683.3 | AP8: =IF(L8="x",1+COUNTIFS(AP$4:AP7,">0",$AA$4:$AA7,$AA7),0) -> 0 | AQ8: =IF(M8="x",1+COUNTIFS(AQ$4:AQ7,">0",$AA$4:$AA7,$AA7),0) -> 0 | AR8: =IF(N8="x",1+COUNTIFS(AR$4:AR7,">0",$AA$4:$AA7,$AA7),0) -> 0 | AS8: =IF(O8="x",1+COUNTIFS(AS$4:AS7,">0",$AA$4:$AA7,$AA7),0) -> 3 | AT8: =IF(P8="x",1+COUNTIFS(AT$4:AT7,">0",$AA$4:$AA7,$AA7),0) -> 0 | AU8: =IF(Q8="x",1+COUNTIFS(AU$4:AU7,">0",$AA$4:$AA7,$AA7),0) -> 0 | AV8: =IF(R8="x",1+COUNTIFS(AV$4:AV7,">0",$AA$4:$AA7,$AA7),0) -> 0 | AW8: =IF($AC8="F2",IF($CC8<=$CD8/2+1,1,0),1) -> 1 | AX8: =IF($AC8="F2",IF($AW8=1,0,1),1) -> 1 | AY8: =AW8 -> 1 | AZ8: =AX8 -> 1 | BA8: =$AL8*IF(L8>="x",1,0) -> 0 | BB8: =$AL8*IF(M8>="x",1,0) -> 0 | BC8: =$AL8*IF(N8>="x",1,0) -> 0 | BD8: =$AL8*IF(O8>="x",1,0) -> 636920.83 | BE8: =$AL8*IF(P8>="x",1,0) -> 0 | BF8: =$AL8*IF(Q8>="x",1,0) -> 0 | BG8: =$AL8*IF(R8>="x",1,0) -> 0 | BH8: =IF(AND(L8="x",$AC8="F2"),1,0) -> 0 | BI8: =IF(AND(M8="x",$AC8="F2"),1,0) -> 0 | BJ8: =IF(AND(N8="x",$AC8="F2"),1,0) -> 0 | BK8: =IF(AND(O8="x",$AC8="F2"),1,0) -> 0 | BL8: =IF(AND(P8="x",$AC8="F2"),1,0) -> 0 | BM8: =IF(AND(Q8="x",$AC8="F2"),1,0) -> 0 | BN8: =IF(AND(R8="x",$AC8="F2"),1,0) -> 0 | BO8: =SUMIFS(BH$5:BH8,$AA$5:$AA8,$AA8) -> 0 | BP8: =SUMIFS(BI$5:BI8,$AA$5:$AA8,$AA8) -> 1 | BQ8: =SUMIFS(BJ$5:BJ8,$AA$5:$AA8,$AA8) -> 0 | BR8: =SUMIFS(BK$5:BK8,$AA$5:$AA8,$AA8) -> 1 | BS8: =SUMIFS(BL$5:BL8,$AA$5:$AA8,$AA8) -> 0 | BT8: =SUMIFS(BM$5:BM8,$AA$5:$AA8,$AA8) -> 0 | BU8: =SUMIFS(BN$5:BN8,$AA$5:$AA8,$AA8) -> 0 | BV8: =SUMIFS(BH:BH,$AA:$AA,$AA8) -> 4 | BW8: =SUMIFS(BI:BI,$AA:$AA,$AA8) -> 17 | BX8: =SUMIFS(BJ:BJ,$AA:$AA,$AA8) -> 17 | BY8: =SUMIFS(BK:BK,$AA:$AA,$AA8) -> 11 | BZ8: =SUMIFS(BL:BL,$AA:$AA,$AA8) -> 10 | CA8: =SUMIFS(BM:BM,$AA:$AA,$AA8) -> 18 | CB8: =SUMIFS(BN:BN,$AA:$AA,$AA8) -> 0 | CC8: =SUMPRODUCT(BH8:BN8,BO8:BU8) -> 0 | CD8: =SUMPRODUCT(BV8:CB8,BH8:BN8) -> 0 | CE8: =IFERROR(VLOOKUP($AA8,'Tuyến và nhân viên'!$I:$O,7,0),"") -> Trần Văn Khanh | CF8: =COUNTIFS($L8:$R8,"x")*COUNTIFS($W8:$Z8,"x") -> 4 | CG8: =COUNTIFS($L8:$R8,"x") -> 1 | CH8: =COUNTIFS($L8:L8,"x") -> 0 | CI8: =COUNTIFS($L8:M8,"x") -> 0 | CJ8: =COUNTIFS($L8:N8,"x") -> 0 | CK8: =COUNTIFS($L8:O8,"x") -> 1 | CL8: =COUNTIFS($L8:P8,"x") -> 1 | CM8: =COUNTIFS($L8:Q8,"x") -> 1 | CN8: =COUNTIFS($L8:R8,"x") -> 1 | CO8: {=IFERROR(INDEX($CH$4:$CN$4,0,MATCH(1,$CH8:$CN8,0)),"")} -> Thứ 5 | CP8: {=IFERROR(INDEX($CH$4:$CN$4,0,MATCH(2,$CH8:$CN8,0)),"")} | CQ8: =IF($CG8=1,CO8,_xlfn.CONCAT(CO8," & ",CP8)) -> Thứ 5 | CR8: =IF(COUNTIFS($W8:$Z8,"x")>2,$AG8&" - Tất cả các tuần",IF($W8="x",$AG8&" - Tuần 1 & 3",IF($X8="x",$AG8&" - Tuần 2 & 4","NONE"))) -> F4 - Tất cả các tuần
A9: 5 | B9: S95002 | C9: CÔNG TY TNHH DƯỢC PHẨM GIA NGUYỄN BẠC LIÊU | D9: R9500101 | E9: Tuyến 01 | F9: C9503019818 | G9: 2. HỘ KINH DOANH NHÀ THUỐC LÝ PHƯỚC VŨ(Lý Phước Vũ) | H9: số 418, Ấp Phước Thọ Tiền, Xã Vĩnh Phước, Tỉnh Cà Mau, Tỉnh Cà Mau | I9: Hoạt động | J9: 03/11/2025 | O9: x | S9: x | T9: x | U9: x | V9: x | W9: =IF(AW9>0,"x","") -> x | X9: =IF(AX9>0,"x","") -> x | Y9: =IF(AY9>0,"x","") -> x | Z9: =IF(AZ9>0,"x","") -> x | AA9: =VLOOKUP($D9,'Tuyến và nhân viên'!$D:$M,6,0) -> HL00622 | AB9: =VLOOKUP($D9,'Tuyến và nhân viên'!$D:$M,7,0) -> Dương Phi Vủ | AC9: =IFERROR(VLOOKUP($F9,DSKH!$D:$BF,53,0),"") -> F4 | AD9: =IFERROR(VLOOKUP($F9,DSKH!$D:$BF,54,0),"") -> OTC | AE9: =SUMIFS('Doanh số khách hàng'!$F:$F,'Doanh số khách hàng'!$A:$A,'Chi tiết tuyến'!$F9) -> 526933.33 | AF9: ="F"&(COUNTIFS($S9:$V9,"x")*COUNTIFS($L9:$R9,"x")) -> F4 | AG9: ="F"&(COUNTIFS($W9:$Z9,"x")*COUNTIFS($L9:$R9,"x")) -> F4 | AH9: =EXACT($AC9,AF9) -> TRUE | AI9: =EXACT($AC9,AG9) -> TRUE | AJ9: =IFERROR(VLOOKUP($AC9,Master!$D:$E,2,0),"") -> 4 | AK9: =VLOOKUP($AF9,Master!$D:$E,2,0) -> 4 | AL9: =IFERROR(AE9/AJ9,0) -> 131733.33 | AM9: =IFERROR(VLOOKUP($F9,DSKH!$D:$BF,31,0),"") -> Tỉnh Cà Mau | AN9: =IFERROR(VLOOKUP($F9,DSKH!$D:$BF,29,0),"") -> Xã Vĩnh Phước | AO9: =IFERROR(VLOOKUP($F9,DSKH!$D:$BF,52,0),"") -> 526933.33 | AP9: =IF(L9="x",1+COUNTIFS(AP$4:AP8,">0",$AA$4:$AA8,$AA8),0) -> 0 | AQ9: =IF(M9="x",1+COUNTIFS(AQ$4:AQ8,">0",$AA$4:$AA8,$AA8),0) -> 0 | AR9: =IF(N9="x",1+COUNTIFS(AR$4:AR8,">0",$AA$4:$AA8,$AA8),0) -> 0 | AS9: =IF(O9="x",1+COUNTIFS(AS$4:AS8,">0",$AA$4:$AA8,$AA8),0) -> 4 | AT9: =IF(P9="x",1+COUNTIFS(AT$4:AT8,">0",$AA$4:$AA8,$AA8),0) -> 0 | AU9: =IF(Q9="x",1+COUNTIFS(AU$4:AU8,">0",$AA$4:$AA8,$AA8),0) -> 0 | AV9: =IF(R9="x",1+COUNTIFS(AV$4:AV8,">0",$AA$4:$AA8,$AA8),0) -> 0 | AW9: =IF($AC9="F2",IF($CC9<=$CD9/2+1,1,0),1) -> 1 | AX9: =IF($AC9="F2",IF($AW9=1,0,1),1) -> 1 | AY9: =AW9 -> 1 | AZ9: =AX9 -> 1 | BA9: =$AL9*IF(L9>="x",1,0) -> 0 | BB9: =$AL9*IF(M9>="x",1,0) -> 0 | BC9: =$AL9*IF(N9>="x",1,0) -> 0 | BD9: =$AL9*IF(O9>="x",1,0) -> 131733.33 | BE9: =$AL9*IF(P9>="x",1,0) -> 0 | BF9: =$AL9*IF(Q9>="x",1,0) -> 0 | BG9: =$AL9*IF(R9>="x",1,0) -> 0 | BH9: =IF(AND(L9="x",$AC9="F2"),1,0) -> 0 | BI9: =IF(AND(M9="x",$AC9="F2"),1,0) -> 0 | BJ9: =IF(AND(N9="x",$AC9="F2"),1,0) -> 0 | BK9: =IF(AND(O9="x",$AC9="F2"),1,0) -> 0 | BL9: =IF(AND(P9="x",$AC9="F2"),1,0) -> 0 | BM9: =IF(AND(Q9="x",$AC9="F2"),1,0) -> 0 | BN9: =IF(AND(R9="x",$AC9="F2"),1,0) -> 0 | BO9: =SUMIFS(BH$5:BH9,$AA$5:$AA9,$AA9) -> 0 | BP9: =SUMIFS(BI$5:BI9,$AA$5:$AA9,$AA9) -> 1 | BQ9: =SUMIFS(BJ$5:BJ9,$AA$5:$AA9,$AA9) -> 0 | BR9: =SUMIFS(BK$5:BK9,$AA$5:$AA9,$AA9) -> 1 | BS9: =SUMIFS(BL$5:BL9,$AA$5:$AA9,$AA9) -> 0 | BT9: =SUMIFS(BM$5:BM9,$AA$5:$AA9,$AA9) -> 0 | BU9: =SUMIFS(BN$5:BN9,$AA$5:$AA9,$AA9) -> 0 | BV9: =SUMIFS(BH:BH,$AA:$AA,$AA9) -> 4 | BW9: =SUMIFS(BI:BI,$AA:$AA,$AA9) -> 17 | BX9: =SUMIFS(BJ:BJ,$AA:$AA,$AA9) -> 17 | BY9: =SUMIFS(BK:BK,$AA:$AA,$AA9) -> 11 | BZ9: =SUMIFS(BL:BL,$AA:$AA,$AA9) -> 10 | CA9: =SUMIFS(BM:BM,$AA:$AA,$AA9) -> 18 | CB9: =SUMIFS(BN:BN,$AA:$AA,$AA9) -> 0 | CC9: =SUMPRODUCT(BH9:BN9,BO9:BU9) -> 0 | CD9: =SUMPRODUCT(BV9:CB9,BH9:BN9) -> 0 | CE9: =IFERROR(VLOOKUP($AA9,'Tuyến và nhân viên'!$I:$O,7,0),"") -> Trần Văn Khanh | CF9: =COUNTIFS($L9:$R9,"x")*COUNTIFS($W9:$Z9,"x") -> 4 | CG9: =COUNTIFS($L9:$R9,"x") -> 1 | CH9: =COUNTIFS($L9:L9,"x") -> 0 | CI9: =COUNTIFS($L9:M9,"x") -> 0 | CJ9: =COUNTIFS($L9:N9,"x") -> 0 | CK9: =COUNTIFS($L9:O9,"x") -> 1 | CL9: =COUNTIFS($L9:P9,"x") -> 1 | CM9: =COUNTIFS($L9:Q9,"x") -> 1 | CN9: =COUNTIFS($L9:R9,"x") -> 1 | CO9: {=IFERROR(INDEX($CH$4:$CN$4,0,MATCH(1,$CH9:$CN9,0)),"")} -> Thứ 5 | CP9: {=IFERROR(INDEX($CH$4:$CN$4,0,MATCH(2,$CH9:$CN9,0)),"")} | CQ9: =IF($CG9=1,CO9,_xlfn.CONCAT(CO9," & ",CP9)) -> Thứ 5 | CR9: =IF(COUNTIFS($W9:$Z9,"x")>2,$AG9&" - Tất cả các tuần",IF($W9="x",$AG9&" - Tuần 1 & 3",IF($X9="x",$AG9&" - Tuần 2 & 4","NONE"))) -> F4 - Tất cả các tuần
A10: 6 | B10: S95002 | C10: CÔNG TY TNHH DƯỢC PHẨM GIA NGUYỄN BẠC LIÊU | D10: R9500101 | E10: Tuyến 01 | F10: C9504018523 | G10: Quầy Thuốc Thanh Nhàn 1 | H10: Ấp Nhà Lầu 2, 980B, Xã Ninh Thạnh Lợi, Tỉnh Cà Mau | I10: Hoạt động | J10: 03/11/2025 | O10: x | S10: x | T10: x | U10: x | V10: x | W10: =IF(AW10>0,"x","") -> x | X10: =IF(AX10>0,"x","") -> x | Y10: =IF(AY10>0,"x","") -> x | Z10: =IF(AZ10>0,"x","") -> x | AA10: =VLOOKUP($D10,'Tuyến và nhân viên'!$D:$M,6,0) -> HL00622 | AB10: =VLOOKUP($D10,'Tuyến và nhân viên'!$D:$M,7,0) -> Dương Phi Vủ | AC10: =IFERROR(VLOOKUP($F10,DSKH!$D:$BF,53,0),"") -> F4 | AD10: =IFERROR(VLOOKUP($F10,DSKH!$D:$BF,54,0),"") -> OTC | AE10: =SUMIFS('Doanh số khách hàng'!$F:$F,'Doanh số khách hàng'!$A:$A,'Chi tiết tuyến'!$F10) -> 1233333.3 | AF10: ="F"&(COUNTIFS($S10:$V10,"x")*COUNTIFS($L10:$R10,"x")) -> F4 | AG10: ="F"&(COUNTIFS($W10:$Z10,"x")*COUNTIFS($L10:$R10,"x")) -> F4 | AH10: =EXACT($AC10,AF10) -> TRUE | AI10: =EXACT($AC10,AG10) -> TRUE | AJ10: =IFERROR(VLOOKUP($AC10,Master!$D:$E,2,0),"") -> 4 | AK10: =VLOOKUP($AF10,Master!$D:$E,2,0) -> 4 | AL10: =IFERROR(AE10/AJ10,0) -> 308333.33 | AM10: =IFERROR(VLOOKUP($F10,DSKH!$D:$BF,31,0),"") -> Tỉnh Cà Mau | AN10: =IFERROR(VLOOKUP($F10,DSKH!$D:$BF,29,0),"") -> Xã Ninh Thạnh Lợi | AO10: =IFERROR(VLOOKUP($F10,DSKH!$D:$BF,52,0),"") -> 1233333.3 | AP10: =IF(L10="x",1+COUNTIFS(AP$4:AP9,">0",$AA$4:$AA9,$AA9),0) -> 0 | AQ10: =IF(M10="x",1+COUNTIFS(AQ$4:AQ9,">0",$AA$4:$AA9,$AA9),0) -> 0 | AR10: =IF(N10="x",1+COUNTIFS(AR$4:AR9,">0",$AA$4:$AA9,$AA9),0) -> 0 | AS10: =IF(O10="x",1+COUNTIFS(AS$4:AS9,">0",$AA$4:$AA9,$AA9),0) -> 5 | AT10: =IF(P10="x",1+COUNTIFS(AT$4:AT9,">0",$AA$4:$AA9,$AA9),0) -> 0 | AU10: =IF(Q10="x",1+COUNTIFS(AU$4:AU9,">0",$AA$4:$AA9,$AA9),0) -> 0 | AV10: =IF(R10="x",1+COUNTIFS(AV$4:AV9,">0",$AA$4:$AA9,$AA9),0) -> 0 | AW10: =IF($AC10="F2",IF($CC10<=$CD10/2+1,1,0),1) -> 1 | AX10: =IF($AC10="F2",IF($AW10=1,0,1),1) -> 1 | AY10: =AW10 -> 1 | AZ10: =AX10 -> 1 | BA10: =$AL10*IF(L10>="x",1,0) -> 0 | BB10: =$AL10*IF(M10>="x",1,0) -> 0 | BC10: =$AL10*IF(N10>="x",1,0) -> 0 | BD10: =$AL10*IF(O10>="x",1,0) -> 308333.33 | BE10: =$AL10*IF(P10>="x",1,0) -> 0 | BF10: =$AL10*IF(Q10>="x",1,0) -> 0 | BG10: =$AL10*IF(R10>="x",1,0) -> 0 | BH10: =IF(AND(L10="x",$AC10="F2"),1,0) -> 0 | BI10: =IF(AND(M10="x",$AC10="F2"),1,0) -> 0 | BJ10: =IF(AND(N10="x",$AC10="F2"),1,0) -> 0 | BK10: =IF(AND(O10="x",$AC10="F2"),1,0) -> 0 | BL10: =IF(AND(P10="x",$AC10="F2"),1,0) -> 0 | BM10: =IF(AND(Q10="x",$AC10="F2"),1,0) -> 0 | BN10: =IF(AND(R10="x",$AC10="F2"),1,0) -> 0 | BO10: =SUMIFS(BH$5:BH10,$AA$5:$AA10,$AA10) -> 0 | BP10: =SUMIFS(BI$5:BI10,$AA$5:$AA10,$AA10) -> 1 | BQ10: =SUMIFS(BJ$5:BJ10,$AA$5:$AA10,$AA10) -> 0 | BR10: =SUMIFS(BK$5:BK10,$AA$5:$AA10,$AA10) -> 1 | BS10: =SUMIFS(BL$5:BL10,$AA$5:$AA10,$AA10) -> 0 | BT10: =SUMIFS(BM$5:BM10,$AA$5:$AA10,$AA10) -> 0 | BU10: =SUMIFS(BN$5:BN10,$AA$5:$AA10,$AA10) -> 0 | BV10: =SUMIFS(BH:BH,$AA:$AA,$AA10) -> 4 | BW10: =SUMIFS(BI:BI,$AA:$AA,$AA10) -> 17 | BX10: =SUMIFS(BJ:BJ,$AA:$AA,$AA10) -> 17 | BY10: =SUMIFS(BK:BK,$AA:$AA,$AA10) -> 11 | BZ10: =SUMIFS(BL:BL,$AA:$AA,$AA10) -> 10 | CA10: =SUMIFS(BM:BM,$AA:$AA,$AA10) -> 18 | CB10: =SUMIFS(BN:BN,$AA:$AA,$AA10) -> 0 | CC10: =SUMPRODUCT(BH10:BN10,BO10:BU10) -> 0 | CD10: =SUMPRODUCT(BV10:CB10,BH10:BN10) -> 0 | CE10: =IFERROR(VLOOKUP($AA10,'Tuyến và nhân viên'!$I:$O,7,0),"") -> Trần Văn Khanh | CF10: =COUNTIFS($L10:$R10,"x")*COUNTIFS($W10:$Z10,"x") -> 4 | CG10: =COUNTIFS($L10:$R10,"x") -> 1 | CH10: =COUNTIFS($L10:L10,"x") -> 0 | CI10: =COUNTIFS($L10:M10,"x") -> 0 | CJ10: =COUNTIFS($L10:N10,"x") -> 0 | CK10: =COUNTIFS($L10:O10,"x") -> 1 | CL10: =COUNTIFS($L10:P10,"x") -> 1 | CM10: =COUNTIFS($L10:Q10,"x") -> 1 | CN10: =COUNTIFS($L10:R10,"x") -> 1 | CO10: {=IFERROR(INDEX($CH$4:$CN$4,0,MATCH(1,$CH10:$CN10,0)),"")} -> Thứ 5 | CP10: {=IFERROR(INDEX($CH$4:$CN$4,0,MATCH(2,$CH10:$CN10,0)),"")} | CQ10: =IF($CG10=1,CO10,_xlfn.CONCAT(CO10," & ",CP10)) -> Thứ 5 | CR10: =IF(COUNTIFS($W10:$Z10,"x")>2,$AG10&" - Tất cả các tuần",IF($W10="x",$AG10&" - Tuần 1 & 3",IF($X10="x",$AG10&" - Tuần 2 & 4","NONE"))) -> F4 - Tất cả các tuần
A11: 7 | B11: S95002 | C11: CÔNG TY TNHH DƯỢC PHẨM GIA NGUYỄN BẠC LIÊU | D11: R9500101 | E11: Tuyến 01 | F11: C9505017721 | G11: Nhà Thuốc Tuyết Thảo Pharmacy | H11: Siêu Thị GO 23/8, Phường Bạc Liêu, Cà Mau | I11: Hoạt động | J11: 03/11/2025 | Q11: x | S11: x | T11: x | U11: x | V11: x | W11: =IF(AW11>0,"x","") -> x | X11: =IF(AX11>0,"x","") | Y11: =IF(AY11>0,"x","") -> x | Z11: =IF(AZ11>0,"x","") | AA11: =VLOOKUP($D11,'Tuyến và nhân viên'!$D:$M,6,0) -> HL00622 | AB11: =VLOOKUP($D11,'Tuyến và nhân viên'!$D:$M,7,0) -> Dương Phi Vủ | AC11: =IFERROR(VLOOKUP($F11,DSKH!$D:$BF,53,0),"") -> F2 | AD11: =IFERROR(VLOOKUP($F11,DSKH!$D:$BF,54,0),"") -> OTC | AE11: =SUMIFS('Doanh số khách hàng'!$F:$F,'Doanh số khách hàng'!$A:$A,'Chi tiết tuyến'!$F11) -> 73040 | AF11: ="F"&(COUNTIFS($S11:$V11,"x")*COUNTIFS($L11:$R11,"x")) -> F4 | AG11: ="F"&(COUNTIFS($W11:$Z11,"x")*COUNTIFS($L11:$R11,"x")) -> F2 | AH11: =EXACT($AC11,AF11) -> FALSE | AI11: =EXACT($AC11,AG11) -> TRUE | AJ11: =IFERROR(VLOOKUP($AC11,Master!$D:$E,2,0),"") -> 2 | AK11: =VLOOKUP($AF11,Master!$D:$E,2,0) -> 4 | AL11: =IFERROR(AE11/AJ11,0) -> 36520 | AM11: =IFERROR(VLOOKUP($F11,DSKH!$D:$BF,31,0),"") -> Tỉnh Cà Mau | AN11: =IFERROR(VLOOKUP($F11,DSKH!$D:$BF,29,0),"") -> Phường Bạc Liêu | AO11: =IFERROR(VLOOKUP($F11,DSKH!$D:$BF,52,0),"") -> 73040 | AP11: =IF(L11="x",1+COUNTIFS(AP$4:AP10,">0",$AA$4:$AA10,$AA10),0) -> 0 | AQ11: =IF(M11="x",1+COUNTIFS(AQ$4:AQ10,">0",$AA$4:$AA10,$AA10),0) -> 0 | AR11: =IF(N11="x",1+COUNTIFS(AR$4:AR10,">0",$AA$4:$AA10,$AA10),0) -> 0 | AS11: =IF(O11="x",1+COUNTIFS(AS$4:AS10,">0",$AA$4:$AA10,$AA10),0) -> 0 | AT11: =IF(P11="x",1+COUNTIFS(AT$4:AT10,">0",$AA$4:$AA10,$AA10),0) -> 0 | AU11: =IF(Q11="x",1+COUNTIFS(AU$4:AU10,">0",$AA$4:$AA10,$AA10),0) -> 1 | AV11: =IF(R11="x",1+COUNTIFS(AV$4:AV10,">0",$AA$4:$AA10,$AA10),0) -> 0 | AW11: =IF($AC11="F2",IF($CC11<=$CD11/2+1,1,0),1) -> 1 | AX11: =IF($AC11="F2",IF($AW11=1,0,1),1) -> 0 | AY11: =AW11 -> 1 | AZ11: =AX11 -> 0 | BA11: =$AL11*IF(L11>="x",1,0) -> 0 | BB11: =$AL11*IF(M11>="x",1,0) -> 0 | BC11: =$AL11*IF(N11>="x",1,0) -> 0 | BD11: =$AL11*IF(O11>="x",1,0) -> 0 | BE11: =$AL11*IF(P11>="x",1,0) -> 0 | BF11: =$AL11*IF(Q11>="x",1,0) -> 36520 | BG11: =$AL11*IF(R11>="x",1,0) -> 0 | BH11: =IF(AND(L11="x",$AC11="F2"),1,0) -> 0 | BI11: =IF(AND(M11="x",$AC11="F2"),1,0) -> 0 | BJ11: =IF(AND(N11="x",$AC11="F2"),1,0) -> 0 | BK11: =IF(AND(O11="x",$AC11="F2"),1,0) -> 0 | BL11: =IF(AND(P11="x",$AC11="F2"),1,0) -> 0 | BM11: =IF(AND(Q11="x",$AC11="F2"),1,0) -> 1 | BN11: =IF(AND(R11="x",$AC11="F2"),1,0) -> 0 | BO11: =SUMIFS(BH$5:BH11,$AA$5:$AA11,$AA11) -> 0 | BP11: =SUMIFS(BI$5:BI11,$AA$5:$AA11,$AA11) -> 1 | BQ11: =SUMIFS(BJ$5:BJ11,$AA$5:$AA11,$AA11) -> 0 | BR11: =SUMIFS(BK$5:BK11,$AA$5:$AA11,$AA11) -> 1 | BS11: =SUMIFS(BL$5:BL11,$AA$5:$AA11,$AA11) -> 0 | BT11: =SUMIFS(BM$5:BM11,$AA$5:$AA11,$AA11) -> 1 | BU11: =SUMIFS(BN$5:BN11,$AA$5:$AA11,$AA11) -> 0 | BV11: =SUMIFS(BH:BH,$AA:$AA,$AA11) -> 4 | BW11: =SUMIFS(BI:BI,$AA:$AA,$AA11) -> 17 | BX11: =SUMIFS(BJ:BJ,$AA:$AA,$AA11) -> 17 | BY11: =SUMIFS(BK:BK,$AA:$AA,$AA11) -> 11 | BZ11: =SUMIFS(BL:BL,$AA:$AA,$AA11) -> 10 | CA11: =SUMIFS(BM:BM,$AA:$AA,$AA11) -> 18 | CB11: =SUMIFS(BN:BN,$AA:$AA,$AA11) -> 0 | CC11: =SUMPRODUCT(BH11:BN11,BO11:BU11) -> 1 | CD11: =SUMPRODUCT(BV11:CB11,BH11:BN11) -> 18 | CE11: =IFERROR(VLOOKUP($AA11,'Tuyến và nhân viên'!$I:$O,7,0),"") -> Trần Văn Khanh | CF11: =COUNTIFS($L11:$R11,"x")*COUNTIFS($W11:$Z11,"x") -> 2 | CG11: =COUNTIFS($L11:$R11,"x") -> 1 | CH11: =COUNTIFS($L11:L11,"x") -> 0 | CI11: =COUNTIFS($L11:M11,"x") -> 0 | CJ11: =COUNTIFS($L11:N11,"x") -> 0 | CK11: =COUNTIFS($L11:O11,"x") -> 0 | CL11: =COUNTIFS($L11:P11,"x") -> 0 | CM11: =COUNTIFS($L11:Q11,"x") -> 1 | CN11: =COUNTIFS($L11:R11,"x") -> 1 | CO11: {=IFERROR(INDEX($CH$4:$CN$4,0,MATCH(1,$CH11:$CN11,0)),"")} -> Thứ 7 | CP11: {=IFERROR(INDEX($CH$4:$CN$4,0,MATCH(2,$CH11:$CN11,0)),"")} | CQ11: =IF($CG11=1,CO11,_xlfn.CONCAT(CO11," & ",CP11)) -> Thứ 7 | CR11: =IF(COUNTIFS($W11:$Z11,"x")>2,$AG11&" - Tất cả các tuần",IF($W11="x",$AG11&" - Tuần 1 & 3",IF($X11="x",$AG11&" - Tuần 2 & 4","NONE"))) -> F2 - Tuần 1 & 3
A12: 8 | B12: S95002 | C12: CÔNG TY TNHH DƯỢC PHẨM GIA NGUYỄN BẠC LIÊU | D12: R9500101 | E12: Tuyến 01 | F12: C9506017463 | G12: Nhà Thuốc Kim Thoa | H12: B20 Đường Hoà Bình, Phường Bạc Liêu, Cà Mau | I12: Hoạt động | J12: 03/11/2025 | M12: x | S12: x | T12: x | U12: x | V12: x | W12: =IF(AW12>0,"x","") -> x | X12: =IF(AX12>0,"x","") | Y12: =IF(AY12>0,"x","") -> x | Z12: =IF(AZ12>0,"x","") | AA12: =VLOOKUP($D12,'Tuyến và nhân viên'!$D:$M,6,0) -> HL00622 | AB12: =VLOOKUP($D12,'Tuyến và nhân viên'!$D:$M,7,0) -> Dương Phi Vủ | AC12: =IFERROR(VLOOKUP($F12,DSKH!$D:$BF,53,0),"") -> F2 | AD12: =IFERROR(VLOOKUP($F12,DSKH!$D:$BF,54,0),"") -> OTC | AE12: =SUMIFS('Doanh số khách hàng'!$F:$F,'Doanh số khách hàng'!$A:$A,'Chi tiết tuyến'!$F12) -> 0 | AF12: ="F"&(COUNTIFS($S12:$V12,"x")*COUNTIFS($L12:$R12,"x")) -> F4 | AG12: ="F"&(COUNTIFS($W12:$Z12,"x")*COUNTIFS($L12:$R12,"x")) -> F2 | AH12: =EXACT($AC12,AF12) -> FALSE | AI12: =EXACT($AC12,AG12) -> TRUE | AJ12: =IFERROR(VLOOKUP($AC12,Master!$D:$E,2,0),"") -> 2 | AK12: =VLOOKUP($AF12,Master!$D:$E,2,0) -> 4 | AL12: =IFERROR(AE12/AJ12,0) -> 0 | AM12: =IFERROR(VLOOKUP($F12,DSKH!$D:$BF,31,0),"") -> Tỉnh Cà Mau | AN12: =IFERROR(VLOOKUP($F12,DSKH!$D:$BF,29,0),"") -> Phường Bạc Liêu | AO12: =IFERROR(VLOOKUP($F12,DSKH!$D:$BF,52,0),"") -> 0 | AP12: =IF(L12="x",1+COUNTIFS(AP$4:AP11,">0",$AA$4:$AA11,$AA11),0) -> 0 | AQ12: =IF(M12="x",1+COUNTIFS(AQ$4:AQ11,">0",$AA$4:$AA11,$AA11),0) -> 2 | AR12: =IF(N12="x",1+COUNTIFS(AR$4:AR11,">0",$AA$4:$AA11,$AA11),0) -> 0 | AS12: =IF(O12="x",1+COUNTIFS(AS$4:AS11,">0",$AA$4:$AA11,$AA11),0) -> 0 | AT12: =IF(P12="x",1+COUNTIFS(AT$4:AT11,">0",$AA$4:$AA11,$AA11),0) -> 0 | AU12: =IF(Q12="x",1+COUNTIFS(AU$4:AU11,">0",$AA$4:$AA11,$AA11),0) -> 0 | AV12: =IF(R12="x",1+COUNTIFS(AV$4:AV11,">0",$AA$4:$AA11,$AA11),0) -> 0 | AW12: =IF($AC12="F2",IF($CC12<=$CD12/2+1,1,0),1) -> 1 | AX12: =IF($AC12="F2",IF($AW12=1,0,1),1) -> 0 | AY12: =AW12 -> 1 | AZ12: =AX12 -> 0 | BA12: =$AL12*IF(L12>="x",1,0) -> 0 | BB12: =$AL12*IF(M12>="x",1,0) -> 0 | BC12: =$AL12*IF(N12>="x",1,0) -> 0 | BD12: =$AL12*IF(O12>="x",1,0) -> 0 | BE12: =$AL12*IF(P12>="x",1,0) -> 0 | BF12: =$AL12*IF(Q12>="x",1,0) -> 0 | BG12: =$AL12*IF(R12>="x",1,0) -> 0 | BH12: =IF(AND(L12="x",$AC12="F2"),1,0) -> 0 | BI12: =IF(AND(M12="x",$AC12="F2"),1,0) -> 1 | BJ12: =IF(AND(N12="x",$AC12="F2"),1,0) -> 0 | BK12: =IF(AND(O12="x",$AC12="F2"),1,0) -> 0 | BL12: =IF(AND(P12="x",$AC12="F2"),1,0) -> 0 | BM12: =IF(AND(Q12="x",$AC12="F2"),1,0) -> 0 | BN12: =IF(AND(R12="x",$AC12="F2"),1,0) -> 0 | BO12: =SUMIFS(BH$5:BH12,$AA$5:$AA12,$AA12) -> 0 | BP12: =SUMIFS(BI$5:BI12,$AA$5:$AA12,$AA12) -> 2 | BQ12: =SUMIFS(BJ$5:BJ12,$AA$5:$AA12,$AA12) -> 0 | BR12: =SUMIFS(BK$5:BK12,$AA$5:$AA12,$AA12) -> 1 | BS12: =SUMIFS(BL$5:BL12,$AA$5:$AA12,$AA12) -> 0 | BT12: =SUMIFS(BM$5:BM12,$AA$5:$AA12,$AA12) -> 1 | BU12: =SUMIFS(BN$5:BN12,$AA$5:$AA12,$AA12) -> 0 | BV12: =SUMIFS(BH:BH,$AA:$AA,$AA12) -> 4 | BW12: =SUMIFS(BI:BI,$AA:$AA,$AA12) -> 17 | BX12: =SUMIFS(BJ:BJ,$AA:$AA,$AA12) -> 17 | BY12: =SUMIFS(BK:BK,$AA:$AA,$AA12) -> 11 | BZ12: =SUMIFS(BL:BL,$AA:$AA,$AA12) -> 10 | CA12: =SUMIFS(BM:BM,$AA:$AA,$AA12) -> 18 | CB12: =SUMIFS(BN:BN,$AA:$AA,$AA12) -> 0 | CC12: =SUMPRODUCT(BH12:BN12,BO12:BU12) -> 2 | CD12: =SUMPRODUCT(BV12:CB12,BH12:BN12) -> 17 | CE12: =IFERROR(VLOOKUP($AA12,'Tuyến và nhân viên'!$I:$O,7,0),"") -> Trần Văn Khanh | CF12: =COUNTIFS($L12:$R12,"x")*COUNTIFS($W12:$Z12,"x") -> 2 | CG12: =COUNTIFS($L12:$R12,"x") -> 1 | CH12: =COUNTIFS($L12:L12,"x") -> 0 | CI12: =COUNTIFS($L12:M12,"x") -> 1 | CJ12: =COUNTIFS($L12:N12,"x") -> 1 | CK12: =COUNTIFS($L12:O12,"x") -> 1 | CL12: =COUNTIFS($L12:P12,"x") -> 1 | CM12: =COUNTIFS($L12:Q12,"x") -> 1 | CN12: =COUNTIFS($L12:R12,"x") -> 1 | CO12: {=IFERROR(INDEX($CH$4:$CN$4,0,MATCH(1,$CH12:$CN12,0)),"")} -> Thứ 3 | CP12: {=IFERROR(INDEX($CH$4:$CN$4,0,MATCH(2,$CH12:$CN12,0)),"")} | CQ12: =IF($CG12=1,CO12,_xlfn.CONCAT(CO12," & ",CP12)) -> Thứ 3 | CR12: =IF(COUNTIFS($W12:$Z12,"x")>2,$AG12&" - Tất cả các tuần",IF($W12="x",$AG12&" - Tuần 1 & 3",IF($X12="x",$AG12&" - Tuần 2 & 4","NONE"))) -> F2 - Tuần 1 & 3
A13: 9 | B13: S95002 | C13: CÔNG TY TNHH DƯỢC PHẨM GIA NGUYỄN BẠC LIÊU | D13: R9500101 | E13: Tuyến 01 | F13: C9511017641 | G13: Quầy Thuốc Trọng Hiếu | H13: 2/253 Ấp Kim Cấu, Phường Hiệp Thành, Cà Mau | I13: Hoạt động | J13: 03/11/2025 | N13: x | S13: x | T13: x | U13: x | V13: x | W13: =IF(AW13>0,"x","") -> x | X13: =IF(AX13>0,"x","") | Y13: =IF(AY13>0,"x","") -> x | Z13: =IF(AZ13>0,"x","") | AA13: =VLOOKUP($D13,'Tuyến và nhân viên'!$D:$M,6,0) -> HL00622 | AB13: =VLOOKUP($D13,'Tuyến và nhân viên'!$D:$M,7,0) -> Dương Phi Vủ | AC13: =IFERROR(VLOOKUP($F13,DSKH!$D:$BF,53,0),"") -> F2 | AD13: =IFERROR(VLOOKUP($F13,DSKH!$D:$BF,54,0),"") -> OTC | AE13: =SUMIFS('Doanh số khách hàng'!$F:$F,'Doanh số khách hàng'!$A:$A,'Chi tiết tuyến'!$F13) -> 0 | AF13: ="F"&(COUNTIFS($S13:$V13,"x")*COUNTIFS($L13:$R13,"x")) -> F4 | AG13: ="F"&(COUNTIFS($W13:$Z13,"x")*COUNTIFS($L13:$R13,"x")) -> F2 | AH13: =EXACT($AC13,AF13) -> FALSE | AI13: =EXACT($AC13,AG13) -> TRUE | AJ13: =IFERROR(VLOOKUP($AC13,Master!$D:$E,2,0),"") -> 2 | AK13: =VLOOKUP($AF13,Master!$D:$E,2,0) -> 4 | AL13: =IFERROR(AE13/AJ13,0) -> 0 | AM13: =IFERROR(VLOOKUP($F13,DSKH!$D:$BF,31,0),"") -> Tỉnh Cà Mau | AN13: =IFERROR(VLOOKUP($F13,DSKH!$D:$BF,29,0),"") -> Phường Hiệp Thành | AO13: =IFERROR(VLOOKUP($F13,DSKH!$D:$BF,52,0),"") -> 0 | AP13: =IF(L13="x",1+COUNTIFS(AP$4:AP12,">0",$AA$4:$AA12,$AA12),0) -> 0 | AQ13: =IF(M13="x",1+COUNTIFS(AQ$4:AQ12,">0",$AA$4:$AA12,$AA12),0) -> 0 | AR13: =IF(N13="x",1+COUNTIFS(AR$4:AR12,">0",$AA$4:$AA12,$AA12),0) -> 1 | AS13: =IF(O13="x",1+COUNTIFS(AS$4:AS12,">0",$AA$4:$AA12,$AA12),0) -> 0 | AT13: =IF(P13="x",1+COUNTIFS(AT$4:AT12,">0",$AA$4:$AA12,$AA12),0) -> 0 | AU13: =IF(Q13="x",1+COUNTIFS(AU$4:AU12,">0",$AA$4:$AA12,$AA12),0) -> 0 | AV13: =IF(R13="x",1+COUNTIFS(AV$4:AV12,">0",$AA$4:$AA12,$AA12),0) -> 0 | AW13: =IF($AC13="F2",IF($CC13<=$CD13/2+1,1,0),1) -> 1 | AX13: =IF($AC13="F2",IF($AW13=1,0,1),1) -> 0 | AY13: =AW13 -> 1 | AZ13: =AX13 -> 0 | BA13: =$AL13*IF(L13>="x",1,0) -> 0 | BB13: =$AL13*IF(M13>="x",1,0) -> 0 | BC13: =$AL13*IF(N13>="x",1,0) -> 0 | BD13: =$AL13*IF(O13>="x",1,0) -> 0 | BE13: =$AL13*IF(P13>="x",1,0) -> 0 | BF13: =$AL13*IF(Q13>="x",1,0) -> 0 | BG13: =$AL13*IF(R13>="x",1,0) -> 0 | BH13: =IF(AND(L13="x",$AC13="F2"),1,0) -> 0 | BI13: =IF(AND(M13="x",$AC13="F2"),1,0) -> 0 | BJ13: =IF(AND(N13="x",$AC13="F2"),1,0) -> 1 | BK13: =IF(AND(O13="x",$AC13="F2"),1,0) -> 0 | BL13: =IF(AND(P13="x",$AC13="F2"),1,0) -> 0 | BM13: =IF(AND(Q13="x",$AC13="F2"),1,0) -> 0 | BN13: =IF(AND(R13="x",$AC13="F2"),1,0) -> 0 | BO13: =SUMIFS(BH$5:BH13,$AA$5:$AA13,$AA13) -> 0 | BP13: =SUMIFS(BI$5:BI13,$AA$5:$AA13,$AA13) -> 2 | BQ13: =SUMIFS(BJ$5:BJ13,$AA$5:$AA13,$AA13) -> 1 | BR13: =SUMIFS(BK$5:BK13,$AA$5:$AA13,$AA13) -> 1 | BS13: =SUMIFS(BL$5:BL13,$AA$5:$AA13,$AA13) -> 0 | BT13: =SUMIFS(BM$5:BM13,$AA$5:$AA13,$AA13) -> 1 | BU13: =SUMIFS(BN$5:BN13,$AA$5:$AA13,$AA13) -> 0 | BV13: =SUMIFS(BH:BH,$AA:$AA,$AA13) -> 4 | BW13: =SUMIFS(BI:BI,$AA:$AA,$AA13) -> 17 | BX13: =SUMIFS(BJ:BJ,$AA:$AA,$AA13) -> 17 | BY13: =SUMIFS(BK:BK,$AA:$AA,$AA13) -> 11 | BZ13: =SUMIFS(BL:BL,$AA:$AA,$AA13) -> 10 | CA13: =SUMIFS(BM:BM,$AA:$AA,$AA13) -> 18 | CB13: =SUMIFS(BN:BN,$AA:$AA,$AA13) -> 0 | CC13: =SUMPRODUCT(BH13:BN13,BO13:BU13) -> 1 | CD13: =SUMPRODUCT(BV13:CB13,BH13:BN13) -> 17 | CE13: =IFERROR(VLOOKUP($AA13,'Tuyến và nhân viên'!$I:$O,7,0),"") -> Trần Văn Khanh | CF13: =COUNTIFS($L13:$R13,"x")*COUNTIFS($W13:$Z13,"x") -> 2 | CG13: =COUNTIFS($L13:$R13,"x") -> 1 | CH13: =COUNTIFS($L13:L13,"x") -> 0 | CI13: =COUNTIFS($L13:M13,"x") -> 0 | CJ13: =COUNTIFS($L13:N13,"x") -> 1 | CK13: =COUNTIFS($L13:O13,"x") -> 1 | CL13: =COUNTIFS($L13:P13,"x") -> 1 | CM13: =COUNTIFS($L13:Q13,"x") -> 1 | CN13: =COUNTIFS($L13:R13,"x") -> 1 | CO13: {=IFERROR(INDEX($CH$4:$CN$4,0,MATCH(1,$CH13:$CN13,0)),"")} -> Thứ 4 | CP13: {=IFERROR(INDEX($CH$4:$CN$4,0,MATCH(2,$CH13:$CN13,0)),"")} | CQ13: =IF($CG13=1,CO13,_xlfn.CONCAT(CO13," & ",CP13)) -> Thứ 4 | CR13: =IF(COUNTIFS($W13:$Z13,"x")>2,$AG13&" - Tất cả các tuần",IF($W13="x",$AG13&" - Tuần 1 & 3",IF($X13="x",$AG13&" - Tuần 2 & 4","NONE"))) -> F2 - Tuần 1 & 3
A14: 10 | B14: S95002 | C14: CÔNG TY TNHH DƯỢC PHẨM GIA NGUYỄN BẠC LIÊU | D14: R9500101 | E14: Tuyến 01 | F14: C9512019817 | G14: Hộ kinh doanh nhà thuốc Lý Phước Vũ | H14: số 44, Ấp ohuocws Thọ Tiền, Xã Vĩnh Phước, Tỉnh Cà Mau | I14: Hoạt động | J14: 03/11/2025 | O14: x | S14: x | T14: x | U14: x | V14: x | W14: =IF(AW14>0,"x","") -> x | X14: =IF(AX14>0,"x","") -> x | Y14: =IF(AY14>0,"x","") -> x | Z14: =IF(AZ14>0,"x","") -> x | AA14: =VLOOKUP($D14,'Tuyến và nhân viên'!$D:$M,6,0) -> HL00622 | AB14: =VLOOKUP($D14,'Tuyến và nhân viên'!$D:$M,7,0) -> Dương Phi Vủ | AC14: =IFERROR(VLOOKUP($F14,DSKH!$D:$BF,53,0),"") | AD14: =IFERROR(VLOOKUP($F14,DSKH!$D:$BF,54,0),"") | AE14: =SUMIFS('Doanh số khách hàng'!$F:$F,'Doanh số khách hàng'!$A:$A,'Chi tiết tuyến'!$F14) -> 0 | AF14: ="F"&(COUNTIFS($S14:$V14,"x")*COUNTIFS($L14:$R14,"x")) -> F4 | AG14: ="F"&(COUNTIFS($W14:$Z14,"x")*COUNTIFS($L14:$R14,"x")) -> F4 | AH14: =EXACT($AC14,AF14) -> FALSE | AI14: =EXACT($AC14,AG14) -> FALSE | AJ14: =IFERROR(VLOOKUP($AC14,Master!$D:$E,2,0),"") | AK14: =VLOOKUP($AF14,Master!$D:$E,2,0) -> 4 | AL14: =IFERROR(AE14/AJ14,0) -> 0 | AM14: =IFERROR(VLOOKUP($F14,DSKH!$D:$BF,31,0),"") | AN14: =IFERROR(VLOOKUP($F14,DSKH!$D:$BF,29,0),"") | AO14: =IFERROR(VLOOKUP($F14,DSKH!$D:$BF,52,0),"") | AP14: =IF(L14="x",1+COUNTIFS(AP$4:AP13,">0",$AA$4:$AA13,$AA13),0) -> 0 | AQ14: =IF(M14="x",1+COUNTIFS(AQ$4:AQ13,">0",$AA$4:$AA13,$AA13),0) -> 0 | AR14: =IF(N14="x",1+COUNTIFS(AR$4:AR13,">0",$AA$4:$AA13,$AA13),0) -> 0 | AS14: =IF(O14="x",1+COUNTIFS(AS$4:AS13,">0",$AA$4:$AA13,$AA13),0) -> 6 | AT14: =IF(P14="x",1+COUNTIFS(AT$4:AT13,">0",$AA$4:$AA13,$AA13),0) -> 0 | AU14: =IF(Q14="x",1+COUNTIFS(AU$4:AU13,">0",$AA$4:$AA13,$AA13),0) -> 0 | AV14: =IF(R14="x",1+COUNTIFS(AV$4:AV13,">0",$AA$4:$AA13,$AA13),0) -> 0 | AW14: =IF($AC14="F2",IF($CC14<=$CD14/2+1,1,0),1) -> 1 | AX14: =IF($AC14="F2",IF($AW14=1,0,1),1) -> 1 | AY14: =AW14 -> 1 | AZ14: =AX14 -> 1 | BA14: =$AL14*IF(L14>="x",1,0) -> 0 | BB14: =$AL14*IF(M14>="x",1,0) -> 0 | BC14: =$AL14*IF(N14>="x",1,0) -> 0 | BD14: =$AL14*IF(O14>="x",1,0) -> 0 | BE14: =$AL14*IF(P14>="x",1,0) -> 0 | BF14: =$AL14*IF(Q14>="x",1,0) -> 0 | BG14: =$AL14*IF(R14>="x",1,0) -> 0 | BH14: =IF(AND(L14="x",$AC14="F2"),1,0) -> 0 | BI14: =IF(AND(M14="x",$AC14="F2"),1,0) -> 0 | BJ14: =IF(AND(N14="x",$AC14="F2"),1,0) -> 0 | BK14: =IF(AND(O14="x",$AC14="F2"),1,0) -> 0 | BL14: =IF(AND(P14="x",$AC14="F2"),1,0) -> 0 | BM14: =IF(AND(Q14="x",$AC14="F2"),1,0) -> 0 | BN14: =IF(AND(R14="x",$AC14="F2"),1,0) -> 0 | BO14: =SUMIFS(BH$5:BH14,$AA$5:$AA14,$AA14) -> 0 | BP14: =SUMIFS(BI$5:BI14,$AA$5:$AA14,$AA14) -> 2 | BQ14: =SUMIFS(BJ$5:BJ14,$AA$5:$AA14,$AA14) -> 1 | BR14: =SUMIFS(BK$5:BK14,$AA$5:$AA14,$AA14) -> 1 | BS14: =SUMIFS(BL$5:BL14,$AA$5:$AA14,$AA14) -> 0 | BT14: =SUMIFS(BM$5:BM14,$AA$5:$AA14,$AA14) -> 1 | BU14: =SUMIFS(BN$5:BN14,$AA$5:$AA14,$AA14) -> 0 | BV14: =SUMIFS(BH:BH,$AA:$AA,$AA14) -> 4 | BW14: =SUMIFS(BI:BI,$AA:$AA,$AA14) -> 17 | BX14: =SUMIFS(BJ:BJ,$AA:$AA,$AA14) -> 17 | BY14: =SUMIFS(BK:BK,$AA:$AA,$AA14) -> 11 | BZ14: =SUMIFS(BL:BL,$AA:$AA,$AA14) -> 10 | CA14: =SUMIFS(BM:BM,$AA:$AA,$AA14) -> 18 | CB14: =SUMIFS(BN:BN,$AA:$AA,$AA14) -> 0 | CC14: =SUMPRODUCT(BH14:BN14,BO14:BU14) -> 0 | CD14: =SUMPRODUCT(BV14:CB14,BH14:BN14) -> 0 | CE14: =IFERROR(VLOOKUP($AA14,'Tuyến và nhân viên'!$I:$O,7,0),"") -> Trần Văn Khanh | CF14: =COUNTIFS($L14:$R14,"x")*COUNTIFS($W14:$Z14,"x") -> 4 | CG14: =COUNTIFS($L14:$R14,"x") -> 1 | CH14: =COUNTIFS($L14:L14,"x") -> 0 | CI14: =COUNTIFS($L14:M14,"x") -> 0 | CJ14: =COUNTIFS($L14:N14,"x") -> 0 | CK14: =COUNTIFS($L14:O14,"x") -> 1 | CL14: =COUNTIFS($L14:P14,"x") -> 1 | CM14: =COUNTIFS($L14:Q14,"x") -> 1 | CN14: =COUNTIFS($L14:R14,"x") -> 1 | CO14: {=IFERROR(INDEX($CH$4:$CN$4,0,MATCH(1,$CH14:$CN14,0)),"")} -> Thứ 5 | CP14: {=IFERROR(INDEX($CH$4:$CN$4,0,MATCH(2,$CH14:$CN14,0)),"")} | CQ14: =IF($CG14=1,CO14,_xlfn.CONCAT(CO14," & ",CP14)) -> Thứ 5 | CR14: =IF(COUNTIFS($W14:$Z14,"x")>2,$AG14&" - Tất cả các tuần",IF($W14="x",$AG14&" - Tuần 1 & 3",IF($X14="x",$AG14&" - Tuần 2 & 4","NONE"))) -> F4 - Tất cả các tuần
A15: 11 | B15: S95002 | C15: CÔNG TY TNHH DƯỢC PHẨM GIA NGUYỄN BẠC LIÊU | D15: R9500101 | E15: Tuyến 01 | F15: C9514019702 | G15: Nhà thuốc Huỳnh Châu Thiệt | H15: khóm 1, QL1A, Phường Giá Rai, Tỉnh Cà Mau | I15: Hoạt động | J15: 03/11/2025 | L15: x | S15: x | T15: x | U15: x | V15: x | W15: =IF(AW15>0,"x","") -> x | X15: =IF(AX15>0,"x","") -> x | Y15: =IF(AY15>0,"x","") -> x | Z15: =IF(AZ15>0,"x","") -> x | AA15: =VLOOKUP($D15,'Tuyến và nhân viên'!$D:$M,6,0) -> HL00622 | AB15: =VLOOKUP($D15,'Tuyến và nhân viên'!$D:$M,7,0) -> Dương Phi Vủ | AC15: =IFERROR(VLOOKUP($F15,DSKH!$D:$BF,53,0),"") | AD15: =IFERROR(VLOOKUP($F15,DSKH!$D:$BF,54,0),"") | AE15: =SUMIFS('Doanh số khách hàng'!$F:$F,'Doanh số khách hàng'!$A:$A,'Chi tiết tuyến'!$F15) -> 0 | AF15: ="F"&(COUNTIFS($S15:$V15,"x")*COUNTIFS($L15:$R15,"x")) -> F4 | AG15: ="F"&(COUNTIFS($W15:$Z15,"x")*COUNTIFS($L15:$R15,"x")) -> F4 | AH15: =EXACT($AC15,AF15) -> FALSE | AI15: =EXACT($AC15,AG15) -> FALSE | AJ15: =IFERROR(VLOOKUP($AC15,Master!$D:$E,2,0),"") | AK15: =VLOOKUP($AF15,Master!$D:$E,2,0) -> 4 | AL15: =IFERROR(AE15/AJ15,0) -> 0 | AM15: =IFERROR(VLOOKUP($F15,DSKH!$D:$BF,31,0),"") | AN15: =IFERROR(VLOOKUP($F15,DSKH!$D:$BF,29,0),"") | AO15: =IFERROR(VLOOKUP($F15,DSKH!$D:$BF,52,0),"") | AP15: =IF(L15="x",1+COUNTIFS(AP$4:AP14,">0",$AA$4:$AA14,$AA14),0) -> 1 | AQ15: =IF(M15="x",1+COUNTIFS(AQ$4:AQ14,">0",$AA$4:$AA14,$AA14),0) -> 0 | AR15: =IF(N15="x",1+COUNTIFS(AR$4:AR14,">0",$AA$4:$AA14,$AA14),0) -> 0 | AS15: =IF(O15="x",1+COUNTIFS(AS$4:AS14,">0",$AA$4:$AA14,$AA14),0) -> 0 | AT15: =IF(P15="x",1+COUNTIFS(AT$4:AT14,">0",$AA$4:$AA14,$AA14),0) -> 0 | AU15: =IF(Q15="x",1+COUNTIFS(AU$4:AU14,">0",$AA$4:$AA14,$AA14),0) -> 0 | AV15: =IF(R15="x",1+COUNTIFS(AV$4:AV14,">0",$AA$4:$AA14,$AA14),0) -> 0 | AW15: =IF($AC15="F2",IF($CC15<=$CD15/2+1,1,0),1) -> 1 | AX15: =IF($AC15="F2",IF($AW15=1,0,1),1) -> 1 | AY15: =AW15 -> 1 | AZ15: =AX15 -> 1 | BA15: =$AL15*IF(L15>="x",1,0) -> 0 | BB15: =$AL15*IF(M15>="x",1,0) -> 0 | BC15: =$AL15*IF(N15>="x",1,0) -> 0 | BD15: =$AL15*IF(O15>="x",1,0) -> 0 | BE15: =$AL15*IF(P15>="x",1,0) -> 0 | BF15: =$AL15*IF(Q15>="x",1,0) -> 0 | BG15: =$AL15*IF(R15>="x",1,0) -> 0 | BH15: =IF(AND(L15="x",$AC15="F2"),1,0) -> 0 | BI15: =IF(AND(M15="x",$AC15="F2"),1,0) -> 0 | BJ15: =IF(AND(N15="x",$AC15="F2"),1,0) -> 0 | BK15: =IF(AND(O15="x",$AC15="F2"),1,0) -> 0 | BL15: =IF(AND(P15="x",$AC15="F2"),1,0) -> 0 | BM15: =IF(AND(Q15="x",$AC15="F2"),1,0) -> 0 | BN15: =IF(AND(R15="x",$AC15="F2"),1,0) -> 0 | BO15: =SUMIFS(BH$5:BH15,$AA$5:$AA15,$AA15) -> 0 | BP15: =SUMIFS(BI$5:BI15,$AA$5:$AA15,$AA15) -> 2 | BQ15: =SUMIFS(BJ$5:BJ15,$AA$5:$AA15,$AA15) -> 1 | BR15: =SUMIFS(BK$5:BK15,$AA$5:$AA15,$AA15) -> 1 | BS15: =SUMIFS(BL$5:BL15,$AA$5:$AA15,$AA15) -> 0 | BT15: =SUMIFS(BM$5:BM15,$AA$5:$AA15,$AA15) -> 1 | BU15: =SUMIFS(BN$5:BN15,$AA$5:$AA15,$AA15) -> 0 | BV15: =SUMIFS(BH:BH,$AA:$AA,$AA15) -> 4 | BW15: =SUMIFS(BI:BI,$AA:$AA,$AA15) -> 17 | BX15: =SUMIFS(BJ:BJ,$AA:$AA,$AA15) -> 17 | BY15: =SUMIFS(BK:BK,$AA:$AA,$AA15) -> 11 | BZ15: =SUMIFS(BL:BL,$AA:$AA,$AA15) -> 10 | CA15: =SUMIFS(BM:BM,$AA:$AA,$AA15) -> 18 | CB15: =SUMIFS(BN:BN,$AA:$AA,$AA15) -> 0 | CC15: =SUMPRODUCT(BH15:BN15,BO15:BU15) -> 0 | CD15: =SUMPRODUCT(BV15:CB15,BH15:BN15) -> 0 | CE15: =IFERROR(VLOOKUP($AA15,'Tuyến và nhân viên'!$I:$O,7,0),"") -> Trần Văn Khanh | CF15: =COUNTIFS($L15:$R15,"x")*COUNTIFS($W15:$Z15,"x") -> 4 | CG15: =COUNTIFS($L15:$R15,"x") -> 1 | CH15: =COUNTIFS($L15:L15,"x") -> 1 | CI15: =COUNTIFS($L15:M15,"x") -> 1 | CJ15: =COUNTIFS($L15:N15,"x") -> 1 | CK15: =COUNTIFS($L15:O15,"x") -> 1 | CL15: =COUNTIFS($L15:P15,"x") -> 1 | CM15: =COUNTIFS($L15:Q15,"x") -> 1 | CN15: =COUNTIFS($L15:R15,"x") -> 1 | CO15: {=IFERROR(INDEX($CH$4:$CN$4,0,MATCH(1,$CH15:$CN15,0)),"")} -> Thứ 2 | CP15: {=IFERROR(INDEX($CH$4:$CN$4,0,MATCH(2,$CH15:$CN15,0)),"")} | CQ15: =IF($CG15=1,CO15,_xlfn.CONCAT(CO15," & ",CP15)) -> Thứ 2 | CR15: =IF(COUNTIFS($W15:$Z15,"x")>2,$AG15&" - Tất cả các tuần",IF($W15="x",$AG15&" - Tuần 1 & 3",IF($X15="x",$AG15&" - Tuần 2 & 4","NONE"))) -> F4 - Tất cả các tuần
A16: 12 | B16: S95002 | C16: CÔNG TY TNHH DƯỢC PHẨM GIA NGUYỄN BẠC LIÊU | D16: R9500101 | E16: Tuyến 01 | F16: C9517020294 | G16: 2. Nhà Thuốc Gia Bảo (La Xuân Thảo) | H16: 0, Khóm 2, Phường Giá Rai, Tỉnh Cà Mau | I16: Hoạt động | J16: 03/11/2025 | O16: x | S16: x | T16: x | U16: x | V16: x | W16: =IF(AW16>0,"x","") -> x | X16: =IF(AX16>0,"x","") | Y16: =IF(AY16>0,"x","") -> x | Z16: =IF(AZ16>0,"x","") | AA16: =VLOOKUP($D16,'Tuyến và nhân viên'!$D:$M,6,0) -> HL00622 | AB16: =VLOOKUP($D16,'Tuyến và nhân viên'!$D:$M,7,0) -> Dương Phi Vủ | AC16: =IFERROR(VLOOKUP($F16,DSKH!$D:$BF,53,0),"") -> F2 | AD16: =IFERROR(VLOOKUP($F16,DSKH!$D:$BF,54,0),"") -> OTC | AE16: =SUMIFS('Doanh số khách hàng'!$F:$F,'Doanh số khách hàng'!$A:$A,'Chi tiết tuyến'!$F16) -> 136666.67 | AF16: ="F"&(COUNTIFS($S16:$V16,"x")*COUNTIFS($L16:$R16,"x")) -> F4 | AG16: ="F"&(COUNTIFS($W16:$Z16,"x")*COUNTIFS($L16:$R16,"x")) -> F2 | AH16: =EXACT($AC16,AF16) -> FALSE | AI16: =EXACT($AC16,AG16) -> TRUE | AJ16: =IFERROR(VLOOKUP($AC16,Master!$D:$E,2,0),"") -> 2 | AK16: =VLOOKUP($AF16,Master!$D:$E,2,0) -> 4 | AL16: =IFERROR(AE16/AJ16,0) -> 68333.333 | AM16: =IFERROR(VLOOKUP($F16,DSKH!$D:$BF,31,0),"") -> Tỉnh Cà Mau | AN16: =IFERROR(VLOOKUP($F16,DSKH!$D:$BF,29,0),"") -> Phường Giá Rai | AO16: =IFERROR(VLOOKUP($F16,DSKH!$D:$BF,52,0),"") -> 136666.67 | AP16: =IF(L16="x",1+COUNTIFS(AP$4:AP15,">0",$AA$4:$AA15,$AA15),0) -> 0 | AQ16: =IF(M16="x",1+COUNTIFS(AQ$4:AQ15,">0",$AA$4:$AA15,$AA15),0) -> 0 | AR16: =IF(N16="x",1+COUNTIFS(AR$4:AR15,">0",$AA$4:$AA15,$AA15),0) -> 0 | AS16: =IF(O16="x",1+COUNTIFS(AS$4:AS15,">0",$AA$4:$AA15,$AA15),0) -> 7 | AT16: =IF(P16="x",1+COUNTIFS(AT$4:AT15,">0",$AA$4:$AA15,$AA15),0) -> 0 | AU16: =IF(Q16="x",1+COUNTIFS(AU$4:AU15,">0",$AA$4:$AA15,$AA15),0) -> 0 | AV16: =IF(R16="x",1+COUNTIFS(AV$4:AV15,">0",$AA$4:$AA15,$AA15),0) -> 0 | AW16: =IF($AC16="F2",IF($CC16<=$CD16/2+1,1,0),1) -> 1 | AX16: =IF($AC16="F2",IF($AW16=1,0,1),1) -> 0 | AY16: =AW16 -> 1 | AZ16: =AX16 -> 0 | BA16: =$AL16*IF(L16>="x",1,0) -> 0 | BB16: =$AL16*IF(M16>="x",1,0) -> 0 | BC16: =$AL16*IF(N16>="x",1,0) -> 0 | BD16: =$AL16*IF(O16>="x",1,0) -> 68333.333 | BE16: =$AL16*IF(P16>="x",1,0) -> 0 | BF16: =$AL16*IF(Q16>="x",1,0) -> 0 | BG16: =$AL16*IF(R16>="x",1,0) -> 0 | BH16: =IF(AND(L16="x",$AC16="F2"),1,0) -> 0 | BI16: =IF(AND(M16="x",$AC16="F2"),1,0) -> 0 | BJ16: =IF(AND(N16="x",$AC16="F2"),1,0) -> 0 | BK16: =IF(AND(O16="x",$AC16="F2"),1,0) -> 1 | BL16: =IF(AND(P16="x",$AC16="F2"),1,0) -> 0 | BM16: =IF(AND(Q16="x",$AC16="F2"),1,0) -> 0 | BN16: =IF(AND(R16="x",$AC16="F2"),1,0) -> 0 | BO16: =SUMIFS(BH$5:BH16,$AA$5:$AA16,$AA16) -> 0 | BP16: =SUMIFS(BI$5:BI16,$AA$5:$AA16,$AA16) -> 2 | BQ16: =SUMIFS(BJ$5:BJ16,$AA$5:$AA16,$AA16) -> 1 | BR16: =SUMIFS(BK$5:BK16,$AA$5:$AA16,$AA16) -> 2 | BS16: =SUMIFS(BL$5:BL16,$AA$5:$AA16,$AA16) -> 0 | BT16: =SUMIFS(BM$5:BM16,$AA$5:$AA16,$AA16) -> 1 | BU16: =SUMIFS(BN$5:BN16,$AA$5:$AA16,$AA16) -> 0 | BV16: =SUMIFS(BH:BH,$AA:$AA,$AA16) -> 4 | BW16: =SUMIFS(BI:BI,$AA:$AA,$AA16) -> 17 | BX16: =SUMIFS(BJ:BJ,$AA:$AA,$AA16) -> 17 | BY16: =SUMIFS(BK:BK,$AA:$AA,$AA16) -> 11 | BZ16: =SUMIFS(BL:BL,$AA:$AA,$AA16) -> 10 | CA16: =SUMIFS(BM:BM,$AA:$AA,$AA16) -> 18 | CB16: =SUMIFS(BN:BN,$AA:$AA,$AA16) -> 0 | CC16: =SUMPRODUCT(BH16:BN16,BO16:BU16) -> 2 | CD16: =SUMPRODUCT(BV16:CB16,BH16:BN16) -> 11 | CE16: =IFERROR(VLOOKUP($AA16,'Tuyến và nhân viên'!$I:$O,7,0),"") -> Trần Văn Khanh | CF16: =COUNTIFS($L16:$R16,"x")*COUNTIFS($W16:$Z16,"x") -> 2 | CG16: =COUNTIFS($L16:$R16,"x") -> 1 | CH16: =COUNTIFS($L16:L16,"x") -> 0 | CI16: =COUNTIFS($L16:M16,"x") -> 0 | CJ16: =COUNTIFS($L16:N16,"x") -> 0 | CK16: =COUNTIFS($L16:O16,"x") -> 1 | CL16: =COUNTIFS($L16:P16,"x") -> 1 | CM16: =COUNTIFS($L16:Q16,"x") -> 1 | CN16: =COUNTIFS($L16:R16,"x") -> 1 | CO16: {=IFERROR(INDEX($CH$4:$CN$4,0,MATCH(1,$CH16:$CN16,0)),"")} -> Thứ 5 | CP16: {=IFERROR(INDEX($CH$4:$CN$4,0,MATCH(2,$CH16:$CN16,0)),"")} | CQ16: =IF($CG16=1,CO16,_xlfn.CONCAT(CO16," & ",CP16)) -> Thứ 5 | CR16: =IF(COUNTIFS($W16:$Z16,"x")>2,$AG16&" - Tất cả các tuần",IF($W16="x",$AG16&" - Tuần 1 & 3",IF($X16="x",$AG16&" - Tuần 2 & 4","NONE"))) -> F2 - Tuần 1 & 3
A17: 13 | B17: S95002 | C17: CÔNG TY TNHH DƯỢC PHẨM GIA NGUYỄN BẠC LIÊU | D17: R9500101 | E17: Tuyến 01 | F17: C9521020143 | G17: 2. Hộ kinh doanh quầy thuốc tuấn anh( Nguyễn Chí Cường) | H17: ấp 8, đường không tên, Xã Phong Hiệp, Tỉnh Cà Mau | I17: Hoạt động | J17: 03/11/2025 | O17: x | S17: x | T17: x | U17: x | V17: x | W17: =IF(AW17>0,"x","") -> x | X17: =IF(AX17>0,"x","") | Y17: =IF(AY17>0,"x","") -> x | Z17: =IF(AZ17>0,"x","") | AA17: =VLOOKUP($D17,'Tuyến và nhân viên'!$D:$M,6,0) -> HL00622 | AB17: =VLOOKUP($D17,'Tuyến và nhân viên'!$D:$M,7,0) -> Dương Phi Vủ | AC17: =IFERROR(VLOOKUP($F17,DSKH!$D:$BF,53,0),"") -> F2 | AD17: =IFERROR(VLOOKUP($F17,DSKH!$D:$BF,54,0),"") -> OTC | AE17: =SUMIFS('Doanh số khách hàng'!$F:$F,'Doanh số khách hàng'!$A:$A,'Chi tiết tuyến'!$F17) -> 0 | AF17: ="F"&(COUNTIFS($S17:$V17,"x")*COUNTIFS($L17:$R17,"x")) -> F4 | AG17: ="F"&(COUNTIFS($W17:$Z17,"x")*COUNTIFS($L17:$R17,"x")) -> F2 | AH17: =EXACT($AC17,AF17) -> FALSE | AI17: =EXACT($AC17,AG17) -> TRUE | AJ17: =IFERROR(VLOOKUP($AC17,Master!$D:$E,2,0),"") -> 2 | AK17: =VLOOKUP($AF17,Master!$D:$E,2,0) -> 4 | AL17: =IFERROR(AE17/AJ17,0) -> 0 | AM17: =IFERROR(VLOOKUP($F17,DSKH!$D:$BF,31,0),"") -> Tỉnh Cà Mau | AN17: =IFERROR(VLOOKUP($F17,DSKH!$D:$BF,29,0),"") -> Xã Phong Hiệp | AO17: =IFERROR(VLOOKUP($F17,DSKH!$D:$BF,52,0),"") -> 0 | AP17: =IF(L17="x",1+COUNTIFS(AP$4:AP16,">0",$AA$4:$AA16,$AA16),0) -> 0 | AQ17: =IF(M17="x",1+COUNTIFS(AQ$4:AQ16,">0",$AA$4:$AA16,$AA16),0) -> 0 | AR17: =IF(N17="x",1+COUNTIFS(AR$4:AR16,">0",$AA$4:$AA16,$AA16),0) -> 0 | AS17: =IF(O17="x",1+COUNTIFS(AS$4:AS16,">0",$AA$4:$AA16,$AA16),0) -> 8 | AT17: =IF(P17="x",1+COUNTIFS(AT$4:AT16,">0",$AA$4:$AA16,$AA16),0) -> 0 | AU17: =IF(Q17="x",1+COUNTIFS(AU$4:AU16,">0",$AA$4:$AA16,$AA16),0) -> 0 | AV17: =IF(R17="x",1+COUNTIFS(AV$4:AV16,">0",$AA$4:$AA16,$AA16),0) -> 0 | AW17: =IF($AC17="F2",IF($CC17<=$CD17/2+1,1,0),1) -> 1 | AX17: =IF($AC17="F2",IF($AW17=1,0,1),1) -> 0 | AY17: =AW17 -> 1 | AZ17: =AX17 -> 0 | BA17: =$AL17*IF(L17>="x",1,0) -> 0 | BB17: =$AL17*IF(M17>="x",1,0) -> 0 | BC17: =$AL17*IF(N17>="x",1,0) -> 0 | BD17: =$AL17*IF(O17>="x",1,0) -> 0 | BE17: =$AL17*IF(P17>="x",1,0) -> 0 | BF17: =$AL17*IF(Q17>="x",1,0) -> 0 | BG17: =$AL17*IF(R17>="x",1,0) -> 0 | BH17: =IF(AND(L17="x",$AC17="F2"),1,0) -> 0 | BI17: =IF(AND(M17="x",$AC17="F2"),1,0) -> 0 | BJ17: =IF(AND(N17="x",$AC17="F2"),1,0) -> 0 | BK17: =IF(AND(O17="x",$AC17="F2"),1,0) -> 1 | BL17: =IF(AND(P17="x",$AC17="F2"),1,0) -> 0 | BM17: =IF(AND(Q17="x",$AC17="F2"),1,0) -> 0 | BN17: =IF(AND(R17="x",$AC17="F2"),1,0) -> 0 | BO17: =SUMIFS(BH$5:BH17,$AA$5:$AA17,$AA17) -> 0 | BP17: =SUMIFS(BI$5:BI17,$AA$5:$AA17,$AA17) -> 2 | BQ17: =SUMIFS(BJ$5:BJ17,$AA$5:$AA17,$AA17) -> 1 | BR17: =SUMIFS(BK$5:BK17,$AA$5:$AA17,$AA17) -> 3 | BS17: =SUMIFS(BL$5:BL17,$AA$5:$AA17,$AA17) -> 0 | BT17: =SUMIFS(BM$5:BM17,$AA$5:$AA17,$AA17) -> 1 | BU17: =SUMIFS(BN$5:BN17,$AA$5:$AA17,$AA17) -> 0 | BV17: =SUMIFS(BH:BH,$AA:$AA,$AA17) -> 4 | BW17: =SUMIFS(BI:BI,$AA:$AA,$AA17) -> 17 | BX17: =SUMIFS(BJ:BJ,$AA:$AA,$AA17) -> 17 | BY17: =SUMIFS(BK:BK,$AA:$AA,$AA17) -> 11 | BZ17: =SUMIFS(BL:BL,$AA:$AA,$AA17) -> 10 | CA17: =SUMIFS(BM:BM,$AA:$AA,$AA17) -> 18 | CB17: =SUMIFS(BN:BN,$AA:$AA,$AA17) -> 0 | CC17: =SUMPRODUCT(BH17:BN17,BO17:BU17) -> 3 | CD17: =SUMPRODUCT(BV17:CB17,BH17:BN17) -> 11 | CE17: =IFERROR(VLOOKUP($AA17,'Tuyến và nhân viên'!$I:$O,7,0),"") -> Trần Văn Khanh | CF17: =COUNTIFS($L17:$R17,"x")*COUNTIFS($W17:$Z17,"x") -> 2 | CG17: =COUNTIFS($L17:$R17,"x") -> 1 | CH17: =COUNTIFS($L17:L17,"x") -> 0 | CI17: =COUNTIFS($L17:M17,"x") -> 0 | CJ17: =COUNTIFS($L17:N17,"x") -> 0 | CK17: =COUNTIFS($L17:O17,"x") -> 1 | CL17: =COUNTIFS($L17:P17,"x") -> 1 | CM17: =COUNTIFS($L17:Q17,"x") -> 1 | CN17: =COUNTIFS($L17:R17,"x") -> 1 | CO17: {=IFERROR(INDEX($CH$4:$CN$4,0,MATCH(1,$CH17:$CN17,0)),"")} -> Thứ 5 | CP17: {=IFERROR(INDEX($CH$4:$CN$4,0,MATCH(2,$CH17:$CN17,0)),"")} | CQ17: =IF($CG17=1,CO17,_xlfn.CONCAT(CO17," & ",CP17)) -> Thứ 5 | CR17: =IF(COUNTIFS($W17:$Z17,"x")>2,$AG17&" - Tất cả các tuần",IF($W17="x",$AG17&" - Tuần 1 & 3",IF($X17="x",$AG17&" - Tuần 2 & 4","NONE"))) -> F2 - Tuần 1 & 3
A18: 14 | B18: S95002 | C18: CÔNG TY TNHH DƯỢC PHẨM GIA NGUYỄN BẠC LIÊU | D18: R9500101 | E18: Tuyến 01 | F18: C9522012448 | G18: 2. Nhà thuốc thanh tuấn | H18: 6/379, Tỉnh Lộ 38, Phường Vĩnh Trạch, Tỉnh Cà Mau, Tỉnh Cà Mau | I18: Hoạt động | J18: 03/11/2025 | N18: x | S18: x | T18: x | U18: x | V18: x | W18: =IF(AW18>0,"x","") -> x | X18: =IF(AX18>0,"x","") -> x | Y18: =IF(AY18>0,"x","") -> x | Z18: =IF(AZ18>0,"x","") -> x | AA18: =VLOOKUP($D18,'Tuyến và nhân viên'!$D:$M,6,0) -> HL00622 | AB18: =VLOOKUP($D18,'Tuyến và nhân viên'!$D:$M,7,0) -> Dương Phi Vủ | AC18: =IFERROR(VLOOKUP($F18,DSKH!$D:$BF,53,0),"") -> F4 | AD18: =IFERROR(VLOOKUP($F18,DSKH!$D:$BF,54,0),"") -> OTC | AE18: =SUMIFS('Doanh số khách hàng'!$F:$F,'Doanh số khách hàng'!$A:$A,'Chi tiết tuyến'!$F18) -> 961546.67 | AF18: ="F"&(COUNTIFS($S18:$V18,"x")*COUNTIFS($L18:$R18,"x")) -> F4 | AG18: ="F"&(COUNTIFS($W18:$Z18,"x")*COUNTIFS($L18:$R18,"x")) -> F4 | AH18: =EXACT($AC18,AF18) -> TRUE | AI18: =EXACT($AC18,AG18) -> TRUE | AJ18: =IFERROR(VLOOKUP($AC18,Master!$D:$E,2,0),"") -> 4 | AK18: =VLOOKUP($AF18,Master!$D:$E,2,0) -> 4 | AL18: =IFERROR(AE18/AJ18,0) -> 240386.67 | AM18: =IFERROR(VLOOKUP($F18,DSKH!$D:$BF,31,0),"") -> Tỉnh Cà Mau | AN18: =IFERROR(VLOOKUP($F18,DSKH!$D:$BF,29,0),"") -> Phường Vĩnh Trạch | AO18: =IFERROR(VLOOKUP($F18,DSKH!$D:$BF,52,0),"") -> 961546.67 | AP18: =IF(L18="x",1+COUNTIFS(AP$4:AP17,">0",$AA$4:$AA17,$AA17),0) -> 0 | AQ18: =IF(M18="x",1+COUNTIFS(AQ$4:AQ17,">0",$AA$4:$AA17,$AA17),0) -> 0 | AR18: =IF(N18="x",1+COUNTIFS(AR$4:AR17,">0",$AA$4:$AA17,$AA17),0) -> 2 | AS18: =IF(O18="x",1+COUNTIFS(AS$4:AS17,">0",$AA$4:$AA17,$AA17),0) -> 0 | AT18: =IF(P18="x",1+COUNTIFS(AT$4:AT17,">0",$AA$4:$AA17,$AA17),0) -> 0 | AU18: =IF(Q18="x",1+COUNTIFS(AU$4:AU17,">0",$AA$4:$AA17,$AA17),0) -> 0 | AV18: =IF(R18="x",1+COUNTIFS(AV$4:AV17,">0",$AA$4:$AA17,$AA17),0) -> 0 | AW18: =IF($AC18="F2",IF($CC18<=$CD18/2+1,1,0),1) -> 1 | AX18: =IF($AC18="F2",IF($AW18=1,0,1),1) -> 1 | AY18: =AW18 -> 1 | AZ18: =AX18 -> 1 | BA18: =$AL18*IF(L18>="x",1,0) -> 0 | BB18: =$AL18*IF(M18>="x",1,0) -> 0 | BC18: =$AL18*IF(N18>="x",1,0) -> 240386.67 | BD18: =$AL18*IF(O18>="x",1,0) -> 0 | BE18: =$AL18*IF(P18>="x",1,0) -> 0 | BF18: =$AL18*IF(Q18>="x",1,0) -> 0 | BG18: =$AL18*IF(R18>="x",1,0) -> 0 | BH18: =IF(AND(L18="x",$AC18="F2"),1,0) -> 0 | BI18: =IF(AND(M18="x",$AC18="F2"),1,0) -> 0 | BJ18: =IF(AND(N18="x",$AC18="F2"),1,0) -> 0 | BK18: =IF(AND(O18="x",$AC18="F2"),1,0) -> 0 | BL18: =IF(AND(P18="x",$AC18="F2"),1,0) -> 0 | BM18: =IF(AND(Q18="x",$AC18="F2"),1,0) -> 0 | BN18: =IF(AND(R18="x",$AC18="F2"),1,0) -> 0 | BO18: =SUMIFS(BH$5:BH18,$AA$5:$AA18,$AA18) -> 0 | BP18: =SUMIFS(BI$5:BI18,$AA$5:$AA18,$AA18) -> 2 | BQ18: =SUMIFS(BJ$5:BJ18,$AA$5:$AA18,$AA18) -> 1 | BR18: =SUMIFS(BK$5:BK18,$AA$5:$AA18,$AA18) -> 3 | BS18: =SUMIFS(BL$5:BL18,$AA$5:$AA18,$AA18) -> 0 | BT18: =SUMIFS(BM$5:BM18,$AA$5:$AA18,$AA18) -> 1 | BU18: =SUMIFS(BN$5:BN18,$AA$5:$AA18,$AA18) -> 0 | BV18: =SUMIFS(BH:BH,$AA:$AA,$AA18) -> 4 | BW18: =SUMIFS(BI:BI,$AA:$AA,$AA18) -> 17 | BX18: =SUMIFS(BJ:BJ,$AA:$AA,$AA18) -> 17 | BY18: =SUMIFS(BK:BK,$AA:$AA,$AA18) -> 11 | BZ18: =SUMIFS(BL:BL,$AA:$AA,$AA18) -> 10 | CA18: =SUMIFS(BM:BM,$AA:$AA,$AA18) -> 18 | CB18: =SUMIFS(BN:BN,$AA:$AA,$AA18) -> 0 | CC18: =SUMPRODUCT(BH18:BN18,BO18:BU18) -> 0 | CD18: =SUMPRODUCT(BV18:CB18,BH18:BN18) -> 0 | CE18: =IFERROR(VLOOKUP($AA18,'Tuyến và nhân viên'!$I:$O,7,0),"") -> Trần Văn Khanh | CF18: =COUNTIFS($L18:$R18,"x")*COUNTIFS($W18:$Z18,"x") -> 4 | CG18: =COUNTIFS($L18:$R18,"x") -> 1 | CH18: =COUNTIFS($L18:L18,"x") -> 0 | CI18: =COUNTIFS($L18:M18,"x") -> 0 | CJ18: =COUNTIFS($L18:N18,"x") -> 1 | CK18: =COUNTIFS($L18:O18,"x") -> 1 | CL18: =COUNTIFS($L18:P18,"x") -> 1 | CM18: =COUNTIFS($L18:Q18,"x") -> 1 | CN18: =COUNTIFS($L18:R18,"x") -> 1 | CO18: {=IFERROR(INDEX($CH$4:$CN$4,0,MATCH(1,$CH18:$CN18,0)),"")} -> Thứ 4 | CP18: {=IFERROR(INDEX($CH$4:$CN$4,0,MATCH(2,$CH18:$CN18,0)),"")} | CQ18: =IF($CG18=1,CO18,_xlfn.CONCAT(CO18," & ",CP18)) -> Thứ 4 | CR18: =IF(COUNTIFS($W18:$Z18,"x")>2,$AG18&" - Tất cả các tuần",IF($W18="x",$AG18&" - Tuần 1 & 3",IF($X18="x",$AG18&" - Tuần 2 & 4","NONE"))) -> F4 - Tất cả các tuần
A19: 15 | B19: S95002 | C19: CÔNG TY TNHH DƯỢC PHẨM GIA NGUYỄN BẠC LIÊU | D19: R9500101 | E19: Tuyến 01 | F19: C9522013717 | G19: Quầy Thuốc Thảo Loan | H19: Ấp 3 Chợ Chủ Chí, Xã Phong Hiệp, Cà Mau | I19: Hoạt động | J19: 03/11/2025 | O19: x | S19: x | T19: x | U19: x | V19: x | W19: =IF(AW19>0,"x","") -> x | X19: =IF(AX19>0,"x","") | Y19: =IF(AY19>0,"x","") -> x | Z19: =IF(AZ19>0,"x","") | AA19: =VLOOKUP($D19,'Tuyến và nhân viên'!$D:$M,6,0) -> HL00622 | AB19: =VLOOKUP($D19,'Tuyến và nhân viên'!$D:$M,7,0) -> Dương Phi Vủ | AC19: =IFERROR(VLOOKUP($F19,DSKH!$D:$BF,53,0),"") -> F2 | AD19: =IFERROR(VLOOKUP($F19,DSKH!$D:$BF,54,0),"") -> OTC | AE19: =SUMIFS('Doanh số khách hàng'!$F:$F,'Doanh số khách hàng'!$A:$A,'Chi tiết tuyến'!$F19) -> 0 | AF19: ="F"&(COUNTIFS($S19:$V19,"x")*COUNTIFS($L19:$R19,"x")) -> F4 | AG19: ="F"&(COUNTIFS($W19:$Z19,"x")*COUNTIFS($L19:$R19,"x")) -> F2 | AH19: =EXACT($AC19,AF19) -> FALSE | AI19: =EXACT($AC19,AG19) -> TRUE | AJ19: =IFERROR(VLOOKUP($AC19,Master!$D:$E,2,0),"") -> 2 | AK19: =VLOOKUP($AF19,Master!$D:$E,2,0) -> 4 | AL19: =IFERROR(AE19/AJ19,0) -> 0 | AM19: =IFERROR(VLOOKUP($F19,DSKH!$D:$BF,31,0),"") -> Tỉnh Cà Mau | AN19: =IFERROR(VLOOKUP($F19,DSKH!$D:$BF,29,0),"") -> Xã Phong Hiệp | AO19: =IFERROR(VLOOKUP($F19,DSKH!$D:$BF,52,0),"") -> 0 | AP19: =IF(L19="x",1+COUNTIFS(AP$4:AP18,">0",$AA$4:$AA18,$AA18),0) -> 0 | AQ19: =IF(M19="x",1+COUNTIFS(AQ$4:AQ18,">0",$AA$4:$AA18,$AA18),0) -> 0 | AR19: =IF(N19="x",1+COUNTIFS(AR$4:AR18,">0",$AA$4:$AA18,$AA18),0) -> 0 | AS19: =IF(O19="x",1+COUNTIFS(AS$4:AS18,">0",$AA$4:$AA18,$AA18),0) -> 9 | AT19: =IF(P19="x",1+COUNTIFS(AT$4:AT18,">0",$AA$4:$AA18,$AA18),0) -> 0 | AU19: =IF(Q19="x",1+COUNTIFS(AU$4:AU18,">0",$AA$4:$AA18,$AA18),0) -> 0 | AV19: =IF(R19="x",1+COUNTIFS(AV$4:AV18,">0",$AA$4:$AA18,$AA18),0) -> 0 | AW19: =IF($AC19="F2",IF($CC19<=$CD19/2+1,1,0),1) -> 1 | AX19: =IF($AC19="F2",IF($AW19=1,0,1),1) -> 0 | AY19: =AW19 -> 1 | AZ19: =AX19 -> 0 | BA19: =$AL19*IF(L19>="x",1,0) -> 0 | BB19: =$AL19*IF(M19>="x",1,0) -> 0 | BC19: =$AL19*IF(N19>="x",1,0) -> 0 | BD19: =$AL19*IF(O19>="x",1,0) -> 0 | BE19: =$AL19*IF(P19>="x",1,0) -> 0 | BF19: =$AL19*IF(Q19>="x",1,0) -> 0 | BG19: =$AL19*IF(R19>="x",1,0) -> 0 | BH19: =IF(AND(L19="x",$AC19="F2"),1,0) -> 0 | BI19: =IF(AND(M19="x",$AC19="F2"),1,0) -> 0 | BJ19: =IF(AND(N19="x",$AC19="F2"),1,0) -> 0 | BK19: =IF(AND(O19="x",$AC19="F2"),1,0) -> 1 | BL19: =IF(AND(P19="x",$AC19="F2"),1,0) -> 0 | BM19: =IF(AND(Q19="x",$AC19="F2"),1,0) -> 0 | BN19: =IF(AND(R19="x",$AC19="F2"),1,0) -> 0 | BO19: =SUMIFS(BH$5:BH19,$AA$5:$AA19,$AA19) -> 0 | BP19: =SUMIFS(BI$5:BI19,$AA$5:$AA19,$AA19) -> 2 | BQ19: =SUMIFS(BJ$5:BJ19,$AA$5:$AA19,$AA19) -> 1 | BR19: =SUMIFS(BK$5:BK19,$AA$5:$AA19,$AA19) -> 4 | BS19: =SUMIFS(BL$5:BL19,$AA$5:$AA19,$AA19) -> 0 | BT19: =SUMIFS(BM$5:BM19,$AA$5:$AA19,$AA19) -> 1 | BU19: =SUMIFS(BN$5:BN19,$AA$5:$AA19,$AA19) -> 0 | BV19: =SUMIFS(BH:BH,$AA:$AA,$AA19) -> 4 | BW19: =SUMIFS(BI:BI,$AA:$AA,$AA19) -> 17 | BX19: =SUMIFS(BJ:BJ,$AA:$AA,$AA19) -> 17 | BY19: =SUMIFS(BK:BK,$AA:$AA,$AA19) -> 11 | BZ19: =SUMIFS(BL:BL,$AA:$AA,$AA19) -> 10 | CA19: =SUMIFS(BM:BM,$AA:$AA,$AA19) -> 18 | CB19: =SUMIFS(BN:BN,$AA:$AA,$AA19) -> 0 | CC19: =SUMPRODUCT(BH19:BN19,BO19:BU19) -> 4 | CD19: =SUMPRODUCT(BV19:CB19,BH19:BN19) -> 11 | CE19: =IFERROR(VLOOKUP($AA19,'Tuyến và nhân viên'!$I:$O,7,0),"") -> Trần Văn Khanh | CF19: =COUNTIFS($L19:$R19,"x")*COUNTIFS($W19:$Z19,"x") -> 2 | CG19: =COUNTIFS($L19:$R19,"x") -> 1 | CH19: =COUNTIFS($L19:L19,"x") -> 0 | CI19: =COUNTIFS($L19:M19,"x") -> 0 | CJ19: =COUNTIFS($L19:N19,"x") -> 0 | CK19: =COUNTIFS($L19:O19,"x") -> 1 | CL19: =COUNTIFS($L19:P19,"x") -> 1 | CM19: =COUNTIFS($L19:Q19,"x") -> 1 | CN19: =COUNTIFS($L19:R19,"x") -> 1 | CO19: {=IFERROR(INDEX($CH$4:$CN$4,0,MATCH(1,$CH19:$CN19,0)),"")} -> Thứ 5 | CP19: {=IFERROR(INDEX($CH$4:$CN$4,0,MATCH(2,$CH19:$CN19,0)),"")} | CQ19: =IF($CG19=1,CO19,_xlfn.CONCAT(CO19," & ",CP19)) -> Thứ 5 | CR19: =IF(COUNTIFS($W19:$Z19,"x")>2,$AG19&" - Tất cả các tuần",IF($W19="x",$AG19&" - Tuần 1 & 3",IF($X19="x",$AG19&" - Tuần 2 & 4","NONE"))) -> F2 - Tuần 1 & 3
